signal_time,entry_time,exit_time,side,entry,exit,net_return,net_r,reason
2026-05-27 12:00:00+00:00,2026-05-27 12:00:00+00:00,2026-05-27 12:30:00+00:00,-1,2078.936132,2090.1329838396,-0.006595338090900499,-1.2971888987633804,stop
2026-05-27 12:30:00+00:00,2026-05-27 12:30:00+00:00,2026-05-27 18:00:00+00:00,-1,2083.434782,2046.7536239345998,0.016347912195207263,2.73976207646415,target
2026-05-27 18:00:00+00:00,2026-05-27 18:00:00+00:00,2026-05-28 02:00:00+00:00,-1,2050.394697,2019.875781,0.013593340971999312,1.3523393616448423,time
2026-05-28 02:00:00+00:00,2026-05-28 02:00:00+00:00,2026-05-28 10:00:00+00:00,-1,2018.664219,1993.507873,0.011169354522006309,1.2569854396041724,time
2026-05-28 10:00:00+00:00,2026-05-28 10:00:00+00:00,2026-05-28 16:45:00+00:00,-1,1992.3121270000001,2004.9876095547668,-0.007650389477559565,-1.2623615486850783,stop
2026-05-28 16:45:00+00:00,2026-05-28 16:45:00+00:00,2026-05-28 18:00:00+00:00,-1,2005.578146,2024.9762900271335,-0.010893524089726964,-1.162684669685444,stop
2026-05-28 18:00:00+00:00,2026-05-28 18:00:00+00:00,2026-05-29 02:00:00+00:00,-1,2017.8144740000002,2007.632109,0.0037492622341058417,0.37664932677925483,time
2026-05-29 02:00:00+00:00,2026-05-29 02:00:00+00:00,2026-05-29 06:30:00+00:00,-1,2006.427891,2018.1598240339665,-0.007106932322770228,-1.28156505978331,stop
2026-05-29 06:30:00+00:00,2026-05-29 06:30:00+00:00,2026-05-29 14:30:00+00:00,-1,2013.865659,1983.0553971976997,0.014008244530417187,2.694862850120842,target
2026-05-29 14:30:00+00:00,2026-05-29 14:30:00+00:00,2026-05-29 15:00:00+00:00,-1,1985.7940830000002,1999.2720180582335,-0.00799749886851029,-1.233186431879403,stop
2026-05-29 15:00:00+00:00,2026-05-29 15:00:00+00:00,2026-05-29 15:15:00+00:00,-1,2000.3197240000002,2015.7834443338668,-0.00893838770846636,-1.2032729449164554,stop
2026-05-29 15:15:00+00:00,2026-05-29 15:15:00+00:00,2026-05-29 15:45:00+00:00,-1,2018.49427,2035.2805043643332,-0.009527455739638719,-1.1888793870365901,stop
2026-05-29 15:45:00+00:00,2026-05-29 15:45:00+00:00,2026-05-29 23:45:00+00:00,-1,2029.850862,2012.063438,0.007468179371002528,0.8145776643632512,time
2026-05-29 23:45:00+00:00,2026-05-29 23:45:00+00:00,2026-05-30 07:45:00+00:00,-1,2010.8565620000002,2013.4538549999997,-0.0025924101225871425,-0.34363644735659604,time
2026-05-30 07:45:00+00:00,2026-05-30 07:45:00+00:00,2026-05-30 10:30:00+00:00,-1,2012.246145,2021.5565967601667,-0.005864046203183118,-1.3556615835087185,stop
2026-05-30 10:30:00+00:00,2026-05-30 10:30:00+00:00,2026-05-30 14:15:00+00:00,-1,2017.3646090000002,2024.8910607993666,-0.004979947165957711,-1.4519623028726478,stop
2026-05-30 14:15:00+00:00,2026-05-30 14:15:00+00:00,2026-05-30 14:30:00+00:00,-1,2021.813274,2027.5947033155335,-0.0040643675526704235,-1.5884134539440715,stop
2026-05-30 14:30:00+00:00,2026-05-30 14:30:00+00:00,2026-05-30 22:30:00+00:00,-1,2026.221951,2024.4071399999998,-0.0004038001114813749,-0.14582301791768532,time
2026-05-30 22:30:00+00:00,2026-05-30 22:30:00+00:00,2026-05-31 01:30:00+00:00,-1,2023.19286,2030.3159387746666,-0.004760324127568002,-1.4784782580807978,stop
2026-05-31 01:30:00+00:00,2026-05-31 01:30:00+00:00,2026-05-31 02:30:00+00:00,-1,2028.4812729999999,2035.9185320485665,-0.004881117257180734,-1.4503791427013975,stop
2026-05-31 02:30:00+00:00,2026-05-31 02:30:00+00:00,2026-05-31 03:15:00+00:00,-1,2026.501867,2035.0713719767664,-0.005440630257833176,-1.3852514763047619,stop
2026-05-31 03:15:00+00:00,2026-05-31 03:15:00+00:00,2026-05-31 11:15:00+00:00,-1,2032.5200610000002,2022.016423,0.003870891242091478,0.9139590439690367,time
2026-05-31 11:15:00+00:00,2026-05-31 11:15:00+00:00,2026-05-31 16:45:00+00:00,-1,2020.8035770000001,2001.1712483231,0.008452188886731967,2.532590663900284,target
2026-05-31 16:45:00+00:00,2026-05-31 16:45:00+00:00,2026-05-31 22:00:00+00:00,-1,1999.190063,2010.2721304355666,-0.006812229538133878,-1.299620669535963,stop
2026-05-31 22:00:00+00:00,2026-05-31 22:00:00+00:00,2026-05-31 23:15:00+00:00,-1,2010.906547,2020.6959072974335,-0.006086678768373785,-1.3328212905417913,stop
2026-05-31 23:15:00+00:00,2026-05-31 23:15:00+00:00,2026-06-01 06:30:00+00:00,-1,2012.5360580000001,1985.3489840674001,0.012226343338939233,2.656991648746875,target
2026-06-01 06:30:00+00:00,2026-06-01 06:30:00+00:00,2026-06-01 14:30:00+00:00,-1,1984.8743590000001,1968.470364,0.0069694591335592556,0.8887568731320351,time
2026-06-01 14:30:00+00:00,2026-06-01 14:30:00+00:00,2026-06-01 17:15:00+00:00,-1,1967.2896360000002,1985.0041253074667,-0.010244292846713519,-1.17724720705769,stop
2026-06-01 17:15:00+00:00,2026-06-01 17:15:00+00:00,2026-06-01 19:45:00+00:00,-1,1982.445088,2003.711854609733,-0.011965230375298551,-1.1478081624726344,stop
2026-06-01 19:45:00+00:00,2026-06-01 19:45:00+00:00,2026-06-02 03:45:00+00:00,-1,2004.948335,2003.930999,-0.0007922829761595257,-0.08680649030829572,time
2026-06-02 03:45:00+00:00,2026-06-02 03:45:00+00:00,2026-06-02 11:45:00+00:00,-1,2002.729001,1978.083247,0.01101346899160417,1.187669052379068,time
2026-06-02 11:45:00+00:00,2026-06-02 11:45:00+00:00,2026-06-02 14:30:00+00:00,-1,1976.896753,1932.5263370259001,0.02122356983516171,2.8002317882669767,target
2026-06-02 14:30:00+00:00,2026-06-02 14:30:00+00:00,2026-06-02 19:45:00+00:00,-1,1934.9993259999999,1882.1212930478,0.02607792962611215,2.832620643682606,target
2026-06-02 19:45:00+00:00,2026-06-02 19:45:00+00:00,2026-06-03 03:45:00+00:00,-1,1901.1594810000001,1823.6669359999999,0.03948513207435662,2.6378049734126017,time
2026-06-03 03:45:00+00:00,2026-06-03 03:45:00+00:00,2026-06-03 05:15:00+00:00,-1,1822.573064,1853.6373217525334,-0.018273153426201925,-1.091641318621194,stop
2026-06-03 05:15:00+00:00,2026-06-03 05:15:00+00:00,2026-06-03 13:15:00+00:00,-1,1866.73981,1873.851987,-0.0051122315001146165,-0.3395051220254355,time
2026-06-03 13:15:00+00:00,2026-06-03 13:15:00+00:00,2026-06-03 16:30:00+00:00,-1,1872.728013,1830.3094411538998,0.021423650161460823,2.8012337090647397,target
2026-06-03 16:30:00+00:00,2026-06-03 16:30:00+00:00,2026-06-03 17:45:00+00:00,-1,1817.514582,1837.9491347079334,-0.012465500870078765,-1.1394583203672326,stop
2026-06-03 17:45:00+00:00,2026-06-03 17:45:00+00:00,2026-06-04 01:30:00+00:00,-1,1834.54947,1766.9218875909996,0.03558856203236615,2.873739982300083,target
2026-06-04 01:30:00+00:00,2026-06-04 01:30:00+00:00,2026-06-04 03:45:00+00:00,-1,1772.408118,1809.5741607687332,-0.0222099417817681,-1.0748634144255897,stop
2026-06-04 03:45:00+00:00,2026-06-04 03:45:00+00:00,2026-06-04 11:45:00+00:00,-1,1807.3276389999999,1740.6820480000001,0.03559733776853934,1.6778211611396452,time
2026-06-04 11:45:00+00:00,2026-06-04 11:45:00+00:00,2026-06-04 12:30:00+00:00,-1,1739.637952,1766.2226598856,-0.016500291526481563,-1.1016900156795753,stop
2026-06-04 12:30:00+00:00,2026-06-04 12:30:00+00:00,2026-06-04 14:15:00+00:00,-1,1766.309948,1793.8796171510667,-0.016839864913827534,-1.1003546798299433,stop
2026-06-04 14:15:00+00:00,2026-06-04 14:15:00+00:00,2026-06-04 22:15:00+00:00,-1,1787.783504,1755.976635,0.016501905572007116,0.9946114929325174,time
2026-06-04 22:15:00+00:00,2026-06-04 22:15:00+00:00,2026-06-05 06:00:00+00:00,-1,1754.923365,1689.2424857595001,0.0361522176947367,2.8756655650565386,target
2026-06-05 06:00:00+00:00,2026-06-05 06:00:00+00:00,2026-06-05 14:00:00+00:00,-1,1682.7050370000002,1614.124092,0.03948082139062388,2.3399322695239264,time
2026-06-05 14:00:00+00:00,2026-06-05 14:00:00+00:00,2026-06-05 22:00:00+00:00,-1,1613.1559080000002,1609.6127390000001,0.0008977385346438775,0.05121056918226142,time
2026-06-05 22:00:00+00:00,2026-06-05 22:00:00+00:00,2026-06-06 06:00:00+00:00,-1,1608.647261,1566.66986,0.024810501947138866,1.030435577391082,time
2026-06-06 06:00:00+00:00,2026-06-06 06:00:00+00:00,2026-06-06 14:00:00+00:00,-1,1565.7301400000001,1556.936941,0.004319407006752891,0.2209477249429697,time
2026-06-06 14:00:00+00:00,2026-06-06 14:00:00+00:00,2026-06-06 22:00:00+00:00,-1,1556.0030590000001,1557.5871359999999,-0.00231865316847025,-0.15807644616181188,time
2026-06-06 22:00:00+00:00,2026-06-06 22:00:00+00:00,2026-06-07 00:15:00+00:00,-1,1556.652864,1571.7550824425332,-0.010935671314962361,-1.163504749481037,stop
2026-06-07 00:15:00+00:00,2026-06-07 00:15:00+00:00,2026-06-07 01:15:00+00:00,-1,1564.820413,1578.2637501238999,-0.009808632191543874,-1.1834038455618192,stop
2026-06-07 01:15:00+00:00,2026-06-07 01:15:00+00:00,2026-06-07 03:30:00+00:00,-1,1585.484212,1598.9020720969334,-0.009696144240668064,-1.1881811369976034,stop
2026-06-07 03:30:00+00:00,2026-06-07 03:30:00+00:00,2026-06-07 06:30:00+00:00,-1,1594.5215,1610.1302275333333,-0.011032346146541888,-1.1629979478444068,stop
2026-06-07 06:30:00+00:00,2026-06-07 06:30:00+00:00,2026-06-07 09:00:00+00:00,-1,1616.81481,1635.7578901929999,-0.012954575345538854,-1.1350846376332813,stop
2026-06-07 09:00:00+00:00,2026-06-07 09:00:00+00:00,2026-06-07 17:00:00+00:00,-1,1639.9078800000002,1628.178307,0.005856871972467319,0.5320689040605855,time
2026-06-07 17:00:00+00:00,2026-06-07 17:00:00+00:00,2026-06-07 22:15:00+00:00,-1,1627.2016930000002,1644.7416341745668,-0.012051297860820537,-1.1503652101275583,stop
2026-06-07 22:15:00+00:00,2026-06-07 22:15:00+00:00,2026-06-08 06:15:00+00:00,-1,1703.178893,1663.2688309999999,0.02214674901816092,1.7115575350359244,time
2026-06-08 06:15:00+00:00,2026-06-08 06:15:00+00:00,2026-06-08 14:15:00+00:00,1,1663.2688309999999,1685.754122,0.012210624023351395,0.9267067346332687,time
2026-06-08 14:15:00+00:00,2026-06-08 14:15:00+00:00,2026-06-08 22:15:00+00:00,1,1686.765878,1689.822901,0.0005112702100795472,0.039580500794006296,time
2026-06-08 22:15:00+00:00,2026-06-08 22:15:00+00:00,2026-06-09 00:30:00+00:00,1,1690.8370989999999,1672.3960629536334,-0.01212803453926817,-1.1431150129761505,stop
2026-06-09 00:30:00+00:00,2026-06-09 00:30:00+00:00,2026-06-09 02:45:00+00:00,1,1674.952335,1653.9210097994999,-0.013776963534787186,-1.1237281344924102,stop
2026-06-09 02:45:00+00:00,2026-06-09 02:45:00+00:00,2026-06-09 10:45:00+00:00,1,1660.988147,1670.148805,0.004211876542728882,0.3281881320140747,time
2026-06-09 10:45:00+00:00,2026-06-09 10:45:00+00:00,2026-06-09 14:15:00+00:00,1,1671.1511950000001,1656.343309558167,-0.010099322586637231,-1.1793509585523312,stop
2026-06-09 14:15:00+00:00,2026-06-09 14:15:00+00:00,2026-06-09 22:15:00+00:00,-1,1655.533191,1651.6453450000001,0.0010498041167329602,0.11872837704428006,time
2026-06-09 22:15:00+00:00,2026-06-09 22:15:00+00:00,2026-06-10 06:15:00+00:00,-1,1650.654655,1628.408376,0.012185332440661223,1.1728149105481054,time
2026-06-10 06:15:00+00:00,2026-06-10 06:15:00+00:00,2026-06-10 12:45:00+00:00,-1,1627.431624,1643.6804135705333,-0.011271555340333984,-1.1642472489041458,stop
2026-06-10 12:45:00+00:00,2026-06-10 12:45:00+00:00,2026-06-10 13:45:00+00:00,-1,1637.968462,1655.8992494552667,-0.012166035641237421,-1.1430189391280452,stop
2026-06-10 13:45:00+00:00,2026-06-10 13:45:00+00:00,2026-06-10 21:45:00+00:00,-1,1665.60017,1623.756981,0.023837062103806064,2.0009919206585445,time
2026-06-10 21:45:00+00:00,2026-06-10 21:45:00+00:00,2026-06-11 01:45:00+00:00,-1,1622.783019,1643.5317639890334,-0.014043573751357348,-1.1250918505670024,stop
2026-06-11 01:45:00+00:00,2026-06-11 01:45:00+00:00,2026-06-11 04:00:00+00:00,-1,1643.366842,1660.9508111359332,-0.011934510858438108,-1.1478971518458418,stop
2026-06-11 04:00:00+00:00,2026-06-11 04:00:00+00:00,2026-06-11 12:00:00+00:00,1,1653.8460049999999,1665.4402180000002,0.005706248730032341,0.5743043764308721,time
2026-06-11 12:00:00+00:00,2026-06-11 12:00:00+00:00,2026-06-11 12:30:00+00:00,1,1666.439782,1655.6137821487334,-0.007698836391793021,-1.2420796035556076,stop
2026-06-11 12:30:00+00:00,2026-06-11 12:30:00+00:00,2026-06-11 14:30:00+00:00,1,1648.274334,1636.9697623664665,-0.008079313421926597,-1.231528201267251,stop
2026-06-11 14:30:00+00:00,2026-06-11 14:30:00+00:00,2026-06-11 15:15:00+00:00,1,1649.404673,1635.4613873481,-0.009657829105058063,-1.1841418663384562,stop
2026-06-11 15:15:00+00:00,2026-06-11 15:15:00+00:00,2026-06-11 18:00:00+00:00,1,1644.7032629999999,1689.8886442711,0.026222413746176083,2.831630319116159,target
2026-06-11 18:00:00+00:00,2026-06-11 18:00:00+00:00,2026-06-12 02:00:00+00:00,-1,1687.473606,1666.7798839999998,0.010970496059658197,0.846282173504008,time
2026-06-12 02:00:00+00:00,2026-06-12 02:00:00+00:00,2026-06-12 06:45:00+00:00,1,1666.7798839999998,1653.8702407014664,-0.008999987684616665,-1.2084585200564009,stop
2026-06-12 06:45:00+00:00,2026-06-12 06:45:00+00:00,2026-06-12 14:45:00+00:00,1,1654.436182,1667.519594,0.006603334135858605,0.9898636287707867,time
2026-06-12 14:45:00+00:00,2026-06-12 14:45:00+00:00,2026-06-12 16:15:00+00:00,1,1668.5204059999999,1655.7443669615332,-0.008871262590873058,-1.2054468403004583,stop
2026-06-12 16:15:00+00:00,2026-06-12 16:15:00+00:00,2026-06-13 00:15:00+00:00,-1,1669.928871,1667.630139,7.737078455479465e-05,0.007591658829749136,time
2026-06-13 00:15:00+00:00,2026-06-13 00:15:00+00:00,2026-06-13 08:15:00+00:00,1,1667.630139,1674.277566,0.0026837601806499133,0.5755678100653584,time
2026-06-13 08:15:00+00:00,2026-06-13 08:15:00+00:00,2026-06-13 16:15:00+00:00,1,1675.282434,1674.1276110000001,-0.0019889167359345996,-0.5176588198446169,time
2026-06-13 16:15:00+00:00,2026-06-13 16:15:00+00:00,2026-06-13 21:45:00+00:00,1,1675.132389,1694.9712450333002,0.010567301198028688,2.609897309419276,target
2026-06-13 21:45:00+00:00,2026-06-13 21:45:00+00:00,2026-06-14 00:00:00+00:00,1,1687.5060999999998,1678.1091828366664,-0.006793307260991801,-1.2890270736991645,stop
2026-06-14 00:00:00+00:00,2026-06-14 00:00:00+00:00,2026-06-14 05:45:00+00:00,1,1681.0141529999999,1672.8688084207665,-0.006114462052558733,-1.3447663211948455,stop
2026-06-14 05:45:00+00:00,2026-06-14 05:45:00+00:00,2026-06-14 09:30:00+00:00,1,1677.5431119999998,1670.9100218997332,-0.005198553021736851,-1.4222555282383575,stop
2026-06-14 09:30:00+00:00,2026-06-14 09:30:00+00:00,2026-06-14 13:00:00+00:00,1,1670.8611079999998,1664.2291894175999,-0.0052105306016408505,-1.4196613019691025,stop
2026-06-14 13:00:00+00:00,2026-06-14 13:00:00+00:00,2026-06-14 14:45:00+00:00,1,1666.5698209999998,1659.6701038870333,-0.005359461794030124,-1.3952487294037692,stop
2026-06-14 14:45:00+00:00,2026-06-14 14:45:00+00:00,2026-06-14 21:30:00+00:00,1,1655.736572,1678.9977215284,0.012756018400625414,2.6661821391568075,target
2026-06-14 21:30:00+00:00,2026-06-14 21:30:00+00:00,2026-06-14 21:45:00+00:00,-1,1699.899877,1710.9071618797666,-0.007682264977427264,-1.2444133683992702,stop
2026-06-14 21:45:00+00:00,2026-06-14 21:45:00+00:00,2026-06-14 22:00:00+00:00,-1,1714.805404,1727.7010588711998,-0.008727822691075514,-1.2091712798069152,stop
2026-06-14 22:00:00+00:00,2026-06-14 22:00:00+00:00,2026-06-15 00:15:00+00:00,-1,1717.4046240000002,1731.4772447205335,-0.00942716213789322,-1.194558670448759,stop
2026-06-15 00:15:00+00:00,2026-06-15 00:15:00+00:00,2026-06-15 01:15:00+00:00,1,1731.11918,1713.1667424126667,-0.011576700415583622,-1.1492295592390762,stop
2026-06-15 01:15:00+00:00,2026-06-15 01:15:00+00:00,2026-06-15 09:15:00+00:00,1,1717.3450489999998,1718.6542490000002,-0.0005381178839032636,-0.0500072556114516,time
2026-06-15 09:15:00+00:00,2026-06-15 09:15:00+00:00,2026-06-15 09:45:00+00:00,1,1719.685751,1711.2288949413667,-0.006120974646688162,-1.325155629308661,stop
2026-06-15 09:45:00+00:00,2026-06-15 09:45:00+00:00,2026-06-15 11:00:00+00:00,1,1715.5945239999999,1741.0270591428,0.013599807939511094,2.696793222324431,target
2026-06-15 11:00:00+00:00,2026-06-15 11:00:00+00:00,2026-06-15 11:30:00+00:00,1,1737.511097,1768.8352871709,0.016811128830471707,2.7508575949811314,target
2026-06-15 11:30:00+00:00,2026-06-15 11:30:00+00:00,2026-06-15 13:30:00+00:00,1,1761.5182969999998,1800.4854892608998,0.020883093916405943,2.7933393936633686,target
2026-06-15 13:30:00+00:00,2026-06-15 13:30:00+00:00,2026-06-15 21:30:00+00:00,1,1819.8657959999998,1813.645743,-0.00471581284832268,-0.46161254162257964,time
2026-06-15 21:30:00+00:00,2026-06-15 21:30:00+00:00,2026-06-15 22:30:00+00:00,1,1814.734257,1795.5970828895668,-0.0117516143260746,-1.1466649570344778,stop
2026-06-15 22:30:00+00:00,2026-06-15 22:30:00+00:00,2026-06-16 02:30:00+00:00,1,1791.4172640000002,1773.6483431541335,-0.011162966593671914,-1.160173916458664,stop
2026-06-16 02:30:00+00:00,2026-06-16 02:30:00+00:00,2026-06-16 05:00:00+00:00,1,1772.93172,1756.5429323173335,-0.01046959472884099,-1.170234943173709,stop
2026-06-16 05:00:00+00:00,2026-06-16 05:00:00+00:00,2026-06-16 09:00:00+00:00,1,1760.22791,1805.900977127,0.02468167795340989,2.8202128139710343,target
2026-06-16 09:00:00+00:00,2026-06-16 09:00:00+00:00,2026-06-16 09:30:00+00:00,1,1802.6906450000001,1788.5697463898334,-0.009034784590859102,-1.1989636214856898,stop
2026-06-16 09:30:00+00:00,2026-06-16 09:30:00+00:00,2026-06-16 12:45:00+00:00,1,1790.857096,1830.5927533712002,0.020934129236659365,2.791860535587871,target
2026-06-16 12:45:00+00:00,2026-06-16 12:45:00+00:00,2026-06-16 13:15:00+00:00,1,1816.734857,1798.7250775429,-0.011113570003287474,-1.1557189473773322,stop
2026-06-16 13:15:00+00:00,2026-06-16 13:15:00+00:00,2026-06-16 14:30:00+00:00,1,1802.5005879999999,1782.3715494069331,-0.012376210080436552,-1.1385085330088944,stop
2026-06-16 14:30:00+00:00,2026-06-16 14:30:00+00:00,2026-06-16 22:30:00+00:00,1,1771.5713119999998,1793.031929,0.010806619973195968,0.8341613416012582,time
2026-06-16 22:30:00+00:00,2026-06-16 22:30:00+00:00,2026-06-17 01:30:00+00:00,1,1794.1080709999999,1778.3235804953667,-0.010030180923361366,-1.1799505085968747,stop
2026-06-17 01:30:00+00:00,2026-06-17 01:30:00+00:00,2026-06-17 08:30:00+00:00,1,1785.475482,1773.1417131887333,-0.008191189618953825,-1.2392460019535385,stop
2026-06-17 08:30:00+00:00,2026-06-17 08:30:00+00:00,2026-06-17 08:45:00+00:00,1,1775.222407,1761.9328351945667,-0.008684778008647517,-1.2081822650640852,stop
2026-06-17 08:45:00+00:00,2026-06-17 08:45:00+00:00,2026-06-17 12:30:00+00:00,1,1762.678645,1749.6627553231667,-0.008626598002786557,-1.2173663415980958,stop
2026-06-17 12:30:00+00:00,2026-06-17 12:30:00+00:00,2026-06-17 18:00:00+00:00,1,1746.543806,1791.0513293582,0.02419915907355303,2.814844581440068,target
2026-06-17 18:00:00+00:00,2026-06-17 18:00:00+00:00,2026-06-17 18:15:00+00:00,1,1789.1365799999999,1766.5422916093332,-0.013824146821392883,-1.1209708093263437,stop
2026-06-17 18:15:00+00:00,2026-06-17 18:15:00+00:00,2026-06-17 19:30:00+00:00,1,1764.659239,1738.8232688116334,-0.015847610618303073,-1.104742370622365,stop
2026-06-17 19:30:00+00:00,2026-06-17 19:30:00+00:00,2026-06-18 03:30:00+00:00,1,1740.241916,1743.486797,0.0005634961275120085,0.032762855937859325,time
2026-06-18 03:30:00+00:00,2026-06-18 03:30:00+00:00,2026-06-18 11:30:00+00:00,-1,1743.486797,1745.733563,-0.0025894356661996447,-0.3496112722534821,time
2026-06-18 11:30:00+00:00,2026-06-18 11:30:00+00:00,2026-06-18 15:45:00+00:00,-1,1744.686437,1708.4613216811001,0.01952244224199564,2.7813983148057697,target
2026-06-18 15:45:00+00:00,2026-06-18 15:45:00+00:00,2026-06-18 20:30:00+00:00,-1,1697.030738,1717.1699011380665,-0.013133789637709066,-1.1357651563098974,stop
2026-06-18 20:30:00+00:00,2026-06-18 20:30:00+00:00,2026-06-19 04:30:00+00:00,-1,1711.9462620000002,1694.578221,0.008851289330949908,0.7161120833648462,time
2026-06-19 04:30:00+00:00,2026-06-19 04:30:00+00:00,2026-06-19 12:30:00+00:00,-1,1693.561779,1689.046562,0.0013677067150556505,0.16466557944312,time
2026-06-19 12:30:00+00:00,2026-06-19 12:30:00+00:00,2026-06-19 13:15:00+00:00,-1,1688.033438,1698.4394836980666,-0.007377670657592022,-1.2583787232637293,stop
2026-06-19 13:15:00+00:00,2026-06-19 13:15:00+00:00,2026-06-19 14:00:00+00:00,-1,1692.1322080000002,1703.9599093290667,-0.008203389943933935,-1.2266174084459986,stop
2026-06-19 14:00:00+00:00,2026-06-19 14:00:00+00:00,2026-06-19 22:00:00+00:00,-1,1701.719331,1701.520303,-0.0011829728186239904,-0.16417733153459316,time
2026-06-19 22:00:00+00:00,2026-06-19 22:00:00+00:00,2026-06-19 22:30:00+00:00,-1,1700.499697,1710.6702441590999,-0.007190755322376048,-1.2661534814291064,stop
2026-06-19 22:30:00+00:00,2026-06-19 22:30:00+00:00,2026-06-20 00:45:00+00:00,-1,1707.027738,1717.1985764047333,-0.0071899150056502605,-1.2710849415904775,stop
2026-06-20 00:45:00+00:00,2026-06-20 00:45:00+00:00,2026-06-20 05:15:00+00:00,-1,1709.666946,1719.1233616671334,-0.0067907136209242255,-1.2985208631685399,stop
2026-06-20 05:15:00+00:00,2026-06-20 05:15:00+00:00,2026-06-20 13:15:00+00:00,-1,1728.58127,1723.8369959999998,0.0014462524596255358,0.26690016869040645,time
2026-06-20 13:15:00+00:00,2026-06-20 13:15:00+00:00,2026-06-20 13:30:00+00:00,1,1723.8369959999998,1716.2977854845333,-0.005574006357483764,-1.3679456697074024,stop
2026-06-20 13:30:00+00:00,2026-06-20 13:30:00+00:00,2026-06-20 15:00:00+00:00,1,1714.504197,1737.5202844909,0.012197535523625012,2.6654562950583225,target
2026-06-20 15:00:00+00:00,2026-06-20 15:00:00+00:00,2026-06-20 17:45:00+00:00,1,1733.259822,1721.6156823034,-0.007948401982610107,-1.2380719663503315,stop
2026-06-20 17:45:00+00:00,2026-06-20 17:45:00+00:00,2026-06-21 01:45:00+00:00,1,1725.697554,1736.1589960000001,0.00475851535836391,0.5752209431743641,time
2026-06-21 01:45:00+00:00,2026-06-21 01:45:00+00:00,2026-06-21 05:30:00+00:00,1,1737.201004,1729.0854560321332,-0.005915694912267412,-1.3527974296992458,stop
2026-06-21 05:30:00+00:00,2026-06-21 05:30:00+00:00,2026-06-21 08:30:00+00:00,1,1734.650239,1727.1152822616334,-0.005578683943032118,-1.379154218777112,stop
2026-06-21 08:30:00+00:00,2026-06-21 08:30:00+00:00,2026-06-21 11:30:00+00:00,1,1728.998544,1721.7110423534666,-0.005449839663801075,-1.3916698846147135,stop
2026-06-21 11:30:00+00:00,2026-06-21 11:30:00+00:00,2026-06-21 12:30:00+00:00,1,1727.147989,1718.9913035199668,-0.0059322990679797245,-1.3409477681851096,stop
2026-06-21 12:30:00+00:00,2026-06-21 12:30:00+00:00,2026-06-21 13:00:00+00:00,-1,1717.514591,1726.4932169606334,-0.006437072016469064,-1.3066993138898915,stop
2026-06-21 13:00:00+00:00,2026-06-21 13:00:00+00:00,2026-06-21 18:45:00+00:00,-1,1724.362536,1733.8833783441332,-0.006796557107533113,-1.3020714878268234,stop
2026-06-21 18:45:00+00:00,2026-06-21 18:45:00+00:00,2026-06-21 20:45:00+00:00,1,1734.010047,1724.8424389859,-0.006508768375588677,-1.3047710701579904,stop
2026-06-21 20:45:00+00:00,2026-06-21 20:45:00+00:00,2026-06-21 21:00:00+00:00,1,1727.348049,1718.4265330019666,-0.006364889065786436,-1.3079463122697612,stop
2026-06-21 21:00:00+00:00,2026-06-21 21:00:00+00:00,2026-06-21 21:15:00+00:00,1,1720.8360959999998,1711.425847504533,-0.006668260446792385,-1.2898070372089938,stop
2026-06-21 21:15:00+00:00,2026-06-21 21:15:00+00:00,2026-06-22 01:30:00+00:00,1,1709.952832,1740.0531594004,0.016339329388800304,2.737152344977688,target
2026-06-22 01:30:00+00:00,2026-06-22 01:30:00+00:00,2026-06-22 09:30:00+00:00,-1,1751.434412,1746.163692,0.0017111789490179222,0.16365222222788336,time
2026-06-22 09:30:00+00:00,2026-06-22 09:30:00+00:00,2026-06-22 13:45:00+00:00,1,1746.163692,1777.6702308924,0.016779339604162946,2.743396403794655,target
2026-06-22 13:45:00+00:00,2026-06-22 13:45:00+00:00,2026-06-22 14:30:00+00:00,1,1774.03205,1760.116356635,-0.009048773363169891,-1.1990897448701898,stop
2026-06-22 14:30:00+00:00,2026-06-22 14:30:00+00:00,2026-06-22 16:15:00+00:00,1,1754.7662719999998,1739.8166703683999,-0.00973618947539301,-1.1841786109319712,stop
2026-06-22 16:15:00+00:00,2026-06-22 16:15:00+00:00,2026-06-22 22:30:00+00:00,1,1741.702354,1724.8089227104667,-0.010971684402951556,-1.1669273961813138,stop
2026-06-22 22:30:00+00:00,2026-06-22 22:30:00+00:00,2026-06-23 06:15:00+00:00,1,1721.776378,1707.6839190866,-0.009476801044990659,-1.201541397516245,stop
2026-06-23 06:15:00+00:00,2026-06-23 06:15:00+00:00,2026-06-23 08:30:00+00:00,-1,1705.718131,1671.2343509393,0.019000580846321672,2.779159804124808,target
2026-06-23 08:30:00+00:00,2026-06-23 08:30:00+00:00,2026-06-23 10:15:00+00:00,-1,1640.5077,1657.56231956,-0.011624052528173742,-1.1517045253011249,stop
2026-06-23 10:15:00+00:00,2026-06-23 10:15:00+00:00,2026-06-23 16:15:00+00:00,-1,1654.9633620000002,1673.0851370086002,-0.012231525376907519,-1.1488493961495538,stop
2026-06-23 16:15:00+00:00,2026-06-23 16:15:00+00:00,2026-06-24 00:15:00+00:00,-1,1666.839798,1670.711063,-0.00362391125028801,-0.39939255031571796,time
2026-06-24 00:15:00+00:00,2026-06-24 00:15:00+00:00,2026-06-24 01:45:00+00:00,-1,1669.708937,1680.1970115977667,-0.007503897794310024,-1.2549194767876513,stop
2026-06-24 01:45:00+00:00,2026-06-24 01:45:00+00:00,2026-06-24 09:45:00+00:00,-1,1673.29786,1666.2897369999998,0.002890723027518884,0.47565752576907916,time
2026-06-24 09:45:00+00:00,2026-06-24 09:45:00+00:00,2026-06-24 12:00:00+00:00,-1,1665.290263,1675.3510509122334,-0.007273211918868658,-1.2671674618197852,stop
2026-06-24 12:00:00+00:00,2026-06-24 12:00:00+00:00,2026-06-24 13:30:00+00:00,-1,1678.1264110000002,1644.8647224233,0.018613871292226476,2.7761601860263485,target
2026-06-24 13:30:00+00:00,2026-06-24 13:30:00+00:00,2026-06-24 17:00:00+00:00,-1,1650.624664,1609.0597371491997,0.023952690301652205,2.820874110070321,target
2026-06-24 17:00:00+00:00,2026-06-24 17:00:00+00:00,2026-06-24 20:30:00+00:00,-1,1588.32336,1615.8096241746669,-0.018559339901776398,-1.0917190214988535,stop
2026-06-24 20:30:00+00:00,2026-06-24 20:30:00+00:00,2026-06-25 04:30:00+00:00,-1,1611.9762620000001,1618.8355049999998,-0.005557729290184579,-0.30729493279061304,time
2026-06-25 04:30:00+00:00,2026-06-25 04:30:00+00:00,2026-06-25 05:00:00+00:00,-1,1617.864495,1628.5129023485001,-0.007791966186885717,-1.240782031496349,stop
2026-06-25 05:00:00+00:00,2026-06-25 05:00:00+00:00,2026-06-25 05:15:00+00:00,-1,1633.579779,1645.3549041003666,-0.008415622563259163,-1.2185780038738026,stop
2026-06-25 05:15:00+00:00,2026-06-25 05:15:00+00:00,2026-06-25 07:00:00+00:00,-1,1644.316557,1657.1969003004335,-0.009059825333558359,-1.2030057173215092,stop
2026-06-25 07:00:00+00:00,2026-06-25 07:00:00+00:00,2026-06-25 13:45:00+00:00,-1,1652.644058,1612.7752454673998,0.022854358096827447,2.8080133157642773,target
2026-06-25 13:45:00+00:00,2026-06-25 13:45:00+00:00,2026-06-25 14:00:00+00:00,-1,1591.182502,1544.1080955006,0.028399168315879943,2.8517439723742877,target
2026-06-25 14:00:00+00:00,2026-06-25 14:00:00+00:00,2026-06-25 14:15:00+00:00,-1,1536.63887,1558.346233661,-0.015338123471824837,-1.1096589792686151,stop
2026-06-25 14:15:00+00:00,2026-06-25 14:15:00+00:00,2026-06-25 14:45:00+00:00,-1,1563.6707580000002,1588.0862076440667,-0.016829806806229485,-1.0992979468384623,stop
2026-06-25 14:45:00+00:00,2026-06-25 14:45:00+00:00,2026-06-25 22:45:00+00:00,-1,1566.13002,1570.471,-0.00407345081987506,-0.22696979859467933,time
2026-06-25 22:45:00+00:00,2026-06-25 22:45:00+00:00,2026-06-26 03:15:00+00:00,-1,1569.529,1517.3565704499997,0.032004513584317516,2.8634466125968374,target
2026-06-26 03:15:00+00:00,2026-06-26 03:15:00+00:00,2026-06-26 04:00:00+00:00,-1,1531.2204960000001,1552.4344199821335,-0.01507194566958867,-1.112304865798339,stop
2026-06-26 04:00:00+00:00,2026-06-26 04:00:00+00:00,2026-06-26 07:30:00+00:00,-1,1556.63287,1579.5482590276667,-0.015973708940853815,-1.107992590856852,stop
2026-06-26 07:30:00+00:00,2026-06-26 07:30:00+00:00,2026-06-26 15:30:00+00:00,-1,1577.306666,1579.633748,-0.002776236865913314,-0.1862469801516983,time
2026-06-26 15:30:00+00:00,2026-06-26 15:30:00+00:00,2026-06-26 23:30:00+00:00,-1,1578.6862520000002,1575.17241,0.0009271368365601597,0.05477420985219073,time
2026-06-26 23:30:00+00:00,2026-06-26 23:30:00+00:00,2026-06-27 07:30:00+00:00,-1,1574.2275900000002,1582.724675,-0.006700860272687599,-0.8696355414674153,time
2026-06-27 07:30:00+00:00,2026-06-27 07:30:00+00:00,2026-06-27 13:45:00+00:00,-1,1581.775325,1590.2397538475,-0.006632556423317596,-1.3134540334365026,stop
2026-06-27 13:45:00+00:00,2026-06-27 13:45:00+00:00,2026-06-27 14:15:00+00:00,-1,1589.383042,1596.0683855792665,-0.005415024479559447,-1.3866618818195222,stop
2026-06-27 14:15:00+00:00,2026-06-27 14:15:00+00:00,2026-06-27 15:15:00+00:00,-1,1595.171305,1602.468568058167,-0.005789839996723293,-1.354883123224565,stop
2026-06-27 15:15:00+00:00,2026-06-27 15:15:00+00:00,2026-06-27 19:30:00+00:00,-1,1605.3982360000002,1582.1527394707996,0.013235145452489867,2.6873118671117613,target
2026-06-27 19:30:00+00:00,2026-06-27 19:30:00+00:00,2026-06-28 03:30:00+00:00,-1,1580.295769,1574.212122,0.0025519986622834245,0.3334593279266985,time
2026-06-28 03:30:00+00:00,2026-06-28 03:30:00+00:00,2026-06-28 08:45:00+00:00,-1,1573.267878,1583.2493770300666,-0.007613868721966181,-1.2600268324942099,stop
2026-06-28 08:45:00+00:00,2026-06-28 08:45:00+00:00,2026-06-28 16:45:00+00:00,-1,1580.82561,1567.380073,0.007210492388973922,1.3671401534272845,time
2026-06-28 16:45:00+00:00,2026-06-28 16:45:00+00:00,2026-06-28 22:15:00+00:00,-1,1566.4399270000001,1578.1832399781001,-0.008770064773296666,-1.2189689106715282,stop
2026-06-28 22:15:00+00:00,2026-06-28 22:15:00+00:00,2026-06-29 03:15:00+00:00,-1,1570.238787,1583.8021184694333,-0.009905433533850422,-1.188378653016868,stop
2026-06-29 03:15:00+00:00,2026-06-29 03:15:00+00:00,2026-06-29 11:15:00+00:00,-1,1582.765028,1572.7316779999999,0.005042931409525783,0.3504493274421065,time
2026-06-29 11:15:00+00:00,2026-06-29 11:15:00+00:00,2026-06-29 12:15:00+00:00,-1,1571.788322,1583.2781629966003,-0.008526929519726455,-1.216752450442406,stop
2026-06-29 12:15:00+00:00,2026-06-29 12:15:00+00:00,2026-06-29 17:15:00+00:00,-1,1593.4118330000001,1607.1121553832334,-0.009865763947684755,-1.1892743676075404,stop
2026-06-29 17:15:00+00:00,2026-06-29 17:15:00+00:00,2026-06-30 01:15:00+00:00,-1,1615.385239,1591.967447,0.013205420818197762,0.8327871116338074,time
2026-06-30 01:15:00+00:00,2026-06-30 01:15:00+00:00,2026-06-30 04:15:00+00:00,1,1591.967447,1580.8438848492335,-0.00822061264745102,-1.228917542449822,stop
2026-06-30 04:15:00+00:00,2026-06-30 04:15:00+00:00,2026-06-30 12:15:00+00:00,-1,1586.703846,1572.631648,0.00757414583023584,1.0837537824303087,time
2026-06-30 12:15:00+00:00,2026-06-30 12:15:00+00:00,2026-06-30 18:30:00+00:00,-1,1571.6883520000001,1581.0650292556,-0.0072476947623603535,-1.2795414138560137,stop
2026-06-30 18:30:00+00:00,2026-06-30 18:30:00+00:00,2026-07-01 02:30:00+00:00,-1,1575.657161,1582.644651,-0.005737312041638974,-0.5218165454788583,time
2026-07-01 02:30:00+00:00,2026-07-01 02:30:00+00:00,2026-07-01 03:45:00+00:00,-1,1581.695349,1594.8745011880333,-0.009552919339066811,-1.1896706059686977,stop
2026-07-01 03:45:00+00:00,2026-07-01 03:45:00+00:00,2026-07-01 05:00:00+00:00,-1,1588.1634080000001,1602.6273853557334,-0.010328450336010207,-1.1730584184741397,stop
2026-07-01 05:00:00+00:00,2026-07-01 05:00:00+00:00,2026-07-01 06:30:00+00:00,1,1599.129595,1583.5627169548334,-0.010947503671361844,-1.1600095270400383,stop
2026-07-01 06:30:00+00:00,2026-07-01 06:30:00+00:00,2026-07-01 13:00:00+00:00,1,1580.5940359999997,1564.125490872533,-0.01169421096627198,-1.1552976785675488,stop
2026-07-01 13:00:00+00:00,2026-07-01 13:00:00+00:00,2026-07-01 13:45:00+00:00,-1,1568.92918,1579.642930754,-0.008042174810920896,-1.2321877667494932,stop
2026-07-01 13:45:00+00:00,2026-07-01 13:45:00+00:00,2026-07-01 14:00:00+00:00,-1,1580.855601,1592.4423570969666,-0.008536943562107109,-1.2148233481879458,stop
2026-07-01 14:00:00+00:00,2026-07-01 14:00:00+00:00,2026-07-01 14:15:00+00:00,-1,1596.131017,1608.9152134717667,-0.009217421353749668,-1.1959527532430263,stop
2026-07-01 14:15:00+00:00,2026-07-01 14:15:00+00:00,2026-07-01 15:30:00+00:00,-1,1612.1162199999999,1626.3814881159997,-0.010069718209774535,-1.1782657272224186,stop
2026-07-01 15:30:00+00:00,2026-07-01 15:30:00+00:00,2026-07-01 22:30:00+00:00,-1,1622.6830490000002,1640.7234517480335,-0.012411808595450267,-1.1477119241297173,stop
2026-07-01 22:30:00+00:00,2026-07-01 22:30:00+00:00,2026-07-01 23:45:00+00:00,1,1627.3480579999998,1612.0418003326,-0.010615626331982703,-1.1654794330110119,stop
2026-07-01 23:45:00+00:00,2026-07-01 23:45:00+00:00,2026-07-02 00:45:00+00:00,1,1613.88402,1599.1424666273335,-0.01034122812300529,-1.1702378975032992,stop
2026-07-02 00:45:00+00:00,2026-07-02 00:45:00+00:00,2026-07-02 04:00:00+00:00,1,1597.8292049999998,1640.6393654884996,0.025536000598232658,2.8267768051327584,target
2026-07-02 04:00:00+00:00,2026-07-02 04:00:00+00:00,2026-07-02 06:15:00+00:00,1,1639.251628,1623.061230178267,-0.01109889975273372,-1.1586004768845883,stop
2026-07-02 06:15:00+00:00,2026-07-02 06:15:00+00:00,2026-07-02 12:30:00+00:00,1,1622.636645,1661.9953967565002,0.022963369007086395,2.804581625306832,target
2026-07-02 12:30:00+00:00,2026-07-02 12:30:00+00:00,2026-07-02 12:45:00+00:00,1,1663.728969,1649.175734475967,-0.009945235556661627,-1.1769657260803925,stop
2026-07-02 12:45:00+00:00,2026-07-02 12:45:00+00:00,2026-07-02 13:45:00+00:00,1,1659.59773,1704.7586489309997,0.025983139981769043,2.8324414121418586,target
2026-07-02 13:45:00+00:00,2026-07-02 13:45:00+00:00,2026-07-02 15:15:00+00:00,1,1710.783081,1690.0975662423668,-0.013302750407985458,-1.1278493596471817,stop
2026-07-02 15:15:00+00:00,2026-07-02 15:15:00+00:00,2026-07-02 23:15:00+00:00,1,1694.058065,1691.582373,-0.0027605205310952436,-0.1866052100941037,time
2026-07-02 23:15:00+00:00,2026-07-02 23:15:00+00:00,2026-07-03 07:15:00+00:00,1,1692.5976269999999,1714.6254580000002,0.011706407400215701,1.814352145254511,time
2026-07-03 07:15:00+00:00,2026-07-03 07:15:00+00:00,2026-07-03 15:15:00+00:00,1,1715.654542,1739.298054,0.012472776112173812,1.55008873511047,time
2026-07-03 15:15:00+00:00,2026-07-03 15:15:00+00:00,2026-07-03 23:15:00+00:00,1,1740.3419459999998,1756.532882,0.007997725355405641,0.8717851813936123,time
2026-07-03 23:15:00+00:00,2026-07-03 23:15:00+00:00,2026-07-04 02:45:00+00:00,1,1757.587118,1743.5347339479333,-0.009234223119543746,-1.1996268506053194,stop
2026-07-04 02:45:00+00:00,2026-07-04 02:45:00+00:00,2026-07-04 10:45:00+00:00,1,1748.034253,1757.532582,0.004130459950260489,0.6412242871847261,time
2026-07-04 10:45:00+00:00,2026-07-04 10:45:00+00:00,2026-07-04 15:15:00+00:00,1,1758.5874179999998,1783.4322277746,0.012862981511944918,2.673838941474338,target
2026-07-04 15:15:00+00:00,2026-07-04 15:15:00+00:00,2026-07-04 23:15:00+00:00,1,1784.875302,1773.8921413260666,-0.007449768986791066,-1.2723299899652865,stop
2026-07-04 23:15:00+00:00,2026-07-04 23:15:00+00:00,2026-07-05 01:45:00+00:00,1,1774.8823049999999,1761.1463025584999,-0.008965712618373492,-1.2048521429541055,stop
2026-07-05 01:45:00+00:00,2026-07-05 01:45:00+00:00,2026-07-05 09:45:00+00:00,1,1765.32944,1753.708169668,-0.007879110565221637,-1.2536481155295907,stop
2026-07-05 09:45:00+00:00,2026-07-05 09:45:00+00:00,2026-07-05 15:15:00+00:00,1,1752.235513,1779.8214063461003,0.014465060669600628,2.704074644698477,target
2026-07-05 15:15:00+00:00,2026-07-05 15:15:00+00:00,2026-07-05 22:45:00+00:00,1,1774.252116,1805.1928956152,0.016134559578203755,2.7278751502284773,target
2026-07-05 22:45:00+00:00,2026-07-05 22:45:00+00:00,2026-07-06 00:45:00+00:00,1,1789.5366999999999,1775.1398315733331,-0.00926519850814501,-1.19591845379172,stop
2026-07-06 00:45:00+00:00,2026-07-06 00:45:00+00:00,2026-07-06 05:30:00+00:00,1,1787.8661989999998,1770.0175343903,-0.011236606753087169,-1.1600721469784747,stop
2026-07-06 05:30:00+00:00,2026-07-06 05:30:00+00:00,2026-07-06 12:15:00+00:00,1,1767.360049,1751.1553780686331,-0.010447730332135802,-1.1776710831831396,stop
2026-07-06 12:15:00+00:00,2026-07-06 12:15:00+00:00,2026-07-06 13:15:00+00:00,1,1747.274025,1733.6137847925,-0.009025838874178887,-1.2001989207525048,stop
2026-07-06 13:15:00+00:00,2026-07-06 13:15:00+00:00,2026-07-06 15:45:00+00:00,1,1734.710257,1778.9664069229002,0.024265570609936886,2.8194061774290073,target
2026-07-06 15:45:00+00:00,2026-07-06 15:45:00+00:00,2026-07-06 23:45:00+00:00,1,1777.543103,1799.140096,0.010842622458927857,0.9105820908051535,time
2026-07-06 23:45:00+00:00,2026-07-06 23:45:00+00:00,2026-07-07 02:30:00+00:00,1,1800.219904,1784.9342630288002,-0.009720265836265946,-1.1863468495333698,stop
2026-07-07 02:30:00+00:00,2026-07-07 02:30:00+00:00,2026-07-07 05:00:00+00:00,1,1779.563709,1761.2618385539668,-0.01150954980531798,-1.1523993139800393,stop
2026-07-07 05:00:00+00:00,2026-07-07 05:00:00+00:00,2026-07-07 13:00:00+00:00,1,1766.159689,1780.6656400000002,0.006908344647254655,0.8640084858043239,time
2026-07-07 13:00:00+00:00,2026-07-07 13:00:00+00:00,2026-07-07 13:30:00+00:00,1,1781.73436,1769.4650278586666,-0.008088291912268269,-1.227703048172525,stop
2026-07-07 13:30:00+00:00,2026-07-07 13:30:00+00:00,2026-07-07 17:00:00+00:00,1,1771.3812549999998,1808.1461483734997,0.019498726716270686,2.777431803382937,target
2026-07-07 17:00:00+00:00,2026-07-07 17:00:00+00:00,2026-07-07 19:15:00+00:00,1,1802.130477,1781.6674830235668,-0.0125762024233903,-1.1372731122579038,stop
2026-07-07 19:15:00+00:00,2026-07-07 19:15:00+00:00,2026-07-08 01:45:00+00:00,1,1779.283625,1757.6986571625,-0.013405239988834701,-1.1326949543549207,stop
2026-07-08 01:45:00+00:00,2026-07-08 01:45:00+00:00,2026-07-08 02:45:00+00:00,1,1758.697451,1743.8191482647,-0.009667266193698634,-1.1843814986413215,stop
2026-07-08 02:45:00+00:00,2026-07-08 02:45:00+00:00,2026-07-08 08:30:00+00:00,1,1754.846296,1738.4121158612002,-0.010631281386846598,-1.172428264788152,stop
2026-07-08 08:30:00+00:00,2026-07-08 08:30:00+00:00,2026-07-08 11:45:00+00:00,-1,1729.6209580000002,1743.780601954067,-0.009432095897081464,-1.1963298026001852,stop
2026-07-08 11:45:00+00:00,2026-07-08 11:45:00+00:00,2026-07-08 19:45:00+00:00,-1,1744.6964340000002,1740.251919,0.0012489716275766384,0.15729617503369553,time
2026-07-08 19:45:00+00:00,2026-07-08 19:45:00+00:00,2026-07-09 01:15:00+00:00,-1,1739.208081,1755.7588173409667,-0.010790708277269141,-1.171186460172033,stop
2026-07-09 01:15:00+00:00,2026-07-09 01:15:00+00:00,2026-07-09 07:15:00+00:00,-1,1746.585867,1757.6946839267666,-0.007639120096777745,-1.260895813263289,stop
2026-07-09 07:15:00+00:00,2026-07-09 07:15:00+00:00,2026-07-09 15:15:00+00:00,-1,1752.524085,1745.2934309999998,0.002828326939598201,0.34585726818701146,time
2026-07-09 15:15:00+00:00,2026-07-09 15:15:00+00:00,2026-07-09 18:30:00+00:00,-1,1744.2465690000001,1758.5156321373668,-0.009426179054685402,-1.1964764445056155,stop
2026-07-09 18:30:00+00:00,2026-07-09 18:30:00+00:00,2026-07-10 02:00:00+00:00,-1,1753.463803,1770.0179824742333,-0.010740259219966939,-1.1753269675711908,stop
2026-07-10 02:00:00+00:00,2026-07-10 02:00:00+00:00,2026-07-10 04:00:00+00:00,-1,1766.3999210000002,1778.3382624763,-0.007987627386454515,-1.2371191919693714,stop
2026-07-10 04:00:00+00:00,2026-07-10 04:00:00+00:00,2026-07-10 12:00:00+00:00,1,1776.0726619999998,1799.949853,0.012135747982590293,1.70084594395741,time
2026-07-10 12:00:00+00:00,2026-07-10 12:00:00+00:00,2026-07-10 14:30:00+00:00,1,1801.030147,1789.6847471225667,-0.007526865126928121,-1.2542276952352065,stop
2026-07-10 14:30:00+00:00,2026-07-10 14:30:00+00:00,2026-07-10 14:45:00+00:00,1,1788.5464029999998,1774.8554532457665,-0.008853323597827924,-1.2033879728048256,stop
2026-07-10 14:45:00+00:00,2026-07-10 14:45:00+00:00,2026-07-10 22:45:00+00:00,1,1787.83619,1792.182184,0.001129409600216236,0.13987411117704932,time
2026-07-10 22:45:00+00:00,2026-07-10 22:45:00+00:00,2026-07-11 06:45:00+00:00,1,1793.257816,1798.710225,0.0017386804986885328,0.3289504899384576,time
2026-07-11 06:45:00+00:00,2026-07-11 06:45:00+00:00,2026-07-11 14:45:00+00:00,1,1799.789775,1813.275854,0.006188645362817454,1.4477808464168145,time
2026-07-11 14:45:00+00:00,2026-07-11 14:45:00+00:00,2026-07-11 16:00:00+00:00,1,1814.364146,1807.3817687561998,-0.005061703987417238,-1.4260518994464528,stop
2026-07-11 16:00:00+00:00,2026-07-11 16:00:00+00:00,2026-07-11 23:30:00+00:00,1,1814.554203,1804.5335138224334,-0.006812833831997258,-1.304150111387216,stop
2026-07-11 23:30:00+00:00,2026-07-11 23:30:00+00:00,2026-07-12 00:15:00+00:00,1,1795.118374,1784.1154787378,-0.007335039849911775,-1.2579187779889094,stop
2026-07-12 00:15:00+00:00,2026-07-12 00:15:00+00:00,2026-07-12 08:15:00+00:00,1,1783.664939,1806.4579,0.011471056225487709,1.8116007498885982,time
2026-07-12 08:15:00+00:00,2026-07-12 08:15:00+00:00,2026-07-12 09:30:00+00:00,1,1807.5421,1798.033361453333,-0.006473059005846276,-1.3045054355311283,stop
2026-07-12 09:30:00+00:00,2026-07-12 09:30:00+00:00,2026-07-12 17:30:00+00:00,1,1799.319634,1817.3846210000002,0.008733874841717091,1.7187421600729311,time
2026-07-12 17:30:00+00:00,2026-07-12 17:30:00+00:00,2026-07-12 22:15:00+00:00,1,1818.475379,1808.0353056363,-0.00699704373072503,-1.2855722909936527,stop
2026-07-12 22:15:00+00:00,2026-07-12 22:15:00+00:00,2026-07-13 00:15:00+00:00,1,1801.8603959999998,1828.0243241312,0.013286795604347985,2.6887356993042384,target
2026-07-13 00:15:00+00:00,2026-07-13 00:15:00+00:00,2026-07-13 00:45:00+00:00,1,1840.1418769999998,1826.817000770233,-0.00844312747693643,-1.2160098442337657,stop
2026-07-13 00:45:00+00:00,2026-07-13 00:45:00+00:00,2026-07-13 02:15:00+00:00,1,1814.1240739999998,1798.2319425278,-0.009973716885091133,-1.1785415996420199,stop
2026-07-13 02:15:00+00:00,2026-07-13 02:15:00+00:00,2026-07-13 03:15:00+00:00,1,1804.74126,1783.8867667053335,-0.01276095908420676,-1.1334239122227654,stop
2026-07-13 03:15:00+00:00,2026-07-13 03:15:00+00:00,2026-07-13 11:15:00+00:00,1,1789.076562,1781.385424,-0.005596363543328287,-0.4441367520833906,time
2026-07-13 11:15:00+00:00,2026-07-13 11:15:00+00:00,2026-07-13 18:30:00+00:00,-1,1781.385424,1751.5282248771998,0.015480093475506017,2.7228845104343447,target
2026-07-13 18:30:00+00:00,2026-07-13 18:30:00+00:00,2026-07-13 20:00:00+00:00,-1,1757.0127380000001,1774.1548248214,-0.010980985470766867,-1.1615732298573316,stop
2026-07-13 20:00:00+00:00,2026-07-13 20:00:00+00:00,2026-07-14 01:30:00+00:00,-1,1773.537779,1789.3810990003665,-0.010207283015803715,-1.1826874161241,stop
2026-07-14 01:30:00+00:00,2026-07-14 01:30:00+00:00,2026-07-14 09:30:00+00:00,-1,1786.323942,1787.556106,-0.001990190210975749,-0.26365177106482973,time
2026-07-14 09:30:00+00:00,2026-07-14 09:30:00+00:00,2026-07-14 11:00:00+00:00,-1,1786.483894,1795.7482902515333,-0.006407688406004022,-1.3118783843105717,stop
2026-07-14 11:00:00+00:00,2026-07-14 11:00:00+00:00,2026-07-14 12:30:00+00:00,-1,1798.990141,1809.3269429589668,-0.006968088923221034,-1.2798968713845873,stop
2026-07-14 12:30:00+00:00,2026-07-14 12:30:00+00:00,2026-07-14 13:00:00+00:00,1,1801.24021,1832.702734187,0.016250414856758835,2.743075423897725,target
2026-07-14 13:00:00+00:00,2026-07-14 13:00:00+00:00,2026-07-14 21:00:00+00:00,1,1861.0581499999998,1873.997632,0.005648583691917539,0.6522990464326103,time
2026-07-14 21:00:00+00:00,2026-07-14 21:00:00+00:00,2026-07-15 05:00:00+00:00,1,1875.1223679999998,1875.357224,-0.0011748267897574013,-0.1798321626122231,time
2026-07-15 05:00:00+00:00,2026-07-15 05:00:00+00:00,2026-07-15 07:30:00+00:00,1,1876.482776,1864.6532121672,-0.007531582859810005,-1.254027108469414,stop
2026-07-15 07:30:00+00:00,2026-07-15 07:30:00+00:00,2026-07-15 13:00:00+00:00,1,1865.499482,1902.2311414054,0.018409422395095194,2.76196779909947,target
2026-07-15 13:00:00+00:00,2026-07-15 13:00:00+00:00,2026-07-15 16:45:00+00:00,1,1926.97792,1912.4606762906667,-0.008776039300495846,-1.2128544554464011,stop
2026-07-15 16:45:00+00:00,2026-07-15 16:45:00+00:00,2026-07-16 00:45:00+00:00,1,1911.5733,1911.176475,-0.0015074662295189178,-0.13266674214463975,time
2026-07-16 00:45:00+00:00,2026-07-16 00:45:00+00:00,2026-07-16 08:15:00+00:00,1,1912.323525,1900.6331639425002,-0.007403253276055386,-1.2731488670264437,stop
2026-07-16 08:15:00+00:00,2026-07-16 08:15:00+00:00,2026-07-16 12:45:00+00:00,1,1885.0653499999999,1872.0977188116667,-0.00813126396682091,-1.2355448879337132,stop
2026-07-16 12:45:00+00:00,2026-07-16 12:45:00+00:00,2026-07-16 20:45:00+00:00,1,1869.8507869999999,1871.628343,-0.00034992982394576943,-0.04288257061931849,time
2026-07-16 20:45:00+00:00,2026-07-16 20:45:00+00:00,2026-07-16 23:30:00+00:00,1,1872.751657,1856.2262886695667,-0.010053191444616878,-1.1790291787523908,stop
2026-07-16 23:30:00+00:00,2026-07-16 23:30:00+00:00,2026-07-17 00:45:00+00:00,1,1860.938114,1849.5955688158,-0.007307036407939713,-1.2605276989034193,stop
2026-07-17 00:45:00+00:00,2026-07-17 00:45:00+00:00,2026-07-17 02:15:00+00:00,1,1858.017238,1846.2956830786,-0.007523601079345646,-1.251755585158683,stop
2026-07-17 02:15:00+00:00,2026-07-17 02:15:00+00:00,2026-07-17 05:30:00+00:00,1,1853.465873,1839.7712759881003,-0.008624834471059746,-1.216346688406564,stop
2026-07-17 05:30:00+00:00,2026-07-17 05:30:00+00:00,2026-07-17 13:30:00+00:00,-1,1836.518879,1815.924614,0.009920479024000249,1.2658045634298234,time
2026-07-17 13:30:00+00:00,2026-07-17 13:30:00+00:00,2026-07-17 14:00:00+00:00,-1,1814.8353860000002,1826.4940031991334,-0.007634167627925683,-1.2469593538272135,stop
2026-07-17 14:00:00+00:00,2026-07-17 14:00:00+00:00,2026-07-17 16:45:00+00:00,-1,1824.282551,1838.1421615986333,-0.008836227222612434,-1.2112542371108082,stop
2026-07-17 16:45:00+00:00,2026-07-17 16:45:00+00:00,2026-07-17 17:15:00+00:00,-1,1836.8387830000001,1855.2601941349,-0.011241133927851421,-1.155787896085899,stop
2026-07-17 17:15:00+00:00,2026-07-17 17:15:00+00:00,2026-07-18 01:15:00+00:00,-1,1845.0863080000001,1840.45197,0.0012132258489449862,0.11490322879972975,time
2026-07-18 01:15:00+00:00,2026-07-18 01:15:00+00:00,2026-07-18 05:45:00+00:00,-1,1839.34803,1847.2136945756668,-0.005535148743492302,-1.3924410673033372,stop
2026-07-18 05:45:00+00:00,2026-07-18 05:45:00+00:00,2026-07-18 13:45:00+00:00,-1,1844.686428,1841.1321739999998,0.0006279084501401926,0.20851380666068603,time
2026-07-18 13:45:00+00:00,2026-07-18 13:45:00+00:00,2026-07-18 17:00:00+00:00,-1,1840.027826,1846.3173884311334,-0.004660864672284211,-1.4951830347621666,stop
2026-07-18 17:00:00+00:00,2026-07-18 17:00:00+00:00,2026-07-18 18:00:00+00:00,-1,1844.796395,1851.6934030851667,-0.004953371517703551,-1.440940118626317,stop
2026-07-18 18:00:00+00:00,2026-07-18 18:00:00+00:00,2026-07-18 18:30:00+00:00,-1,1851.3944150000002,1859.3228779078336,-0.005491247254665512,-1.3792829167220086,stop
2026-07-18 18:30:00+00:00,2026-07-18 18:30:00+00:00,2026-07-19 02:15:00+00:00,-1,1857.5925550000002,1866.4856660998335,-0.0060871864935197265,-1.356901477351056,stop
2026-07-19 02:15:00+00:00,2026-07-19 02:15:00+00:00,2026-07-19 10:15:00+00:00,1,1870.26091,1861.9638198936668,-0.005733665809905285,-1.3857571874136614,stop
2026-07-19 10:15:00+00:00,2026-07-19 10:15:00+00:00,2026-07-19 17:15:00+00:00,1,1866.189689,1859.163439259967,-0.005050265399240767,-1.457060533075486,stop
2026-07-19 17:15:00+00:00,2026-07-19 17:15:00+00:00,2026-07-19 18:15:00+00:00,1,1871.381246,1859.9805843762,-0.0073009553861910015,-1.2601218342264757,stop
2026-07-19 18:15:00+00:00,2026-07-19 18:15:00+00:00,2026-07-20 02:15:00+00:00,1,1862.3985519999999,1876.276948,0.006147422544173061,0.9746552932576701,time
2026-07-20 02:15:00+00:00,2026-07-20 02:15:00+00:00,2026-07-20 05:15:00+00:00,1,1877.403052,1857.9546650010666,-0.01159048091479503,-1.15188164860826,stop
2026-07-20 05:15:00+00:00,2026-07-20 05:15:00+00:00,2026-07-20 13:15:00+00:00,1,1858.947517,1871.228463,0.005302433538418104,0.45050025869743343,time
2026-07-20 13:15:00+00:00,2026-07-20 13:15:00+00:00,2026-07-20 14:00:00+00:00,1,1872.351537,1857.7840345389002,-0.008985031265356094,-1.2007949393063868,stop
2026-07-20 14:00:00+00:00,2026-07-20 14:00:00+00:00,2026-07-20 18:15:00+00:00,1,1862.238504,1908.9931341988001,0.023838493136084323,2.8139850908260002,target
2026-07-20 18:15:00+00:00,2026-07-20 18:15:00+00:00,2026-07-20 19:15:00+00:00,1,1914.7042390000001,1894.9247576449668,-0.011536608164373432,-1.1498300033492121,stop
2026-07-20 19:15:00+00:00,2026-07-20 19:15:00+00:00,2026-07-21 03:15:00+00:00,1,1891.127168,1923.8826620000002,0.016010227073846483,1.4899061126154456,time
2026-07-21 03:15:00+00:00,2026-07-21 03:15:00+00:00,2026-07-21 11:15:00+00:00,1,1925.0373379999999,1928.551261,0.000524283912253241,0.08640976941782554,time
2026-07-21 11:15:00+00:00,2026-07-21 11:15:00+00:00,2026-07-21 18:00:00+00:00,1,1929.7087390000002,1917.484987544967,-0.0076150802288579246,-1.2615441578892441,stop
2026-07-21 18:00:00+00:00,2026-07-21 18:00:00+00:00,2026-07-22 02:00:00+00:00,1,1918.405349,1932.100196,0.005834378612390019,0.7577143047343038,time
2026-07-22 02:00:00+00:00,2026-07-22 02:00:00+00:00,2026-07-22 05:30:00+00:00,1,1933.259804,1922.6711628921332,-0.006717555383687627,-1.2971646217173682,stop
2026-07-22 05:30:00+00:00,2026-07-22 05:30:00+00:00,2026-07-22 13:30:00+00:00,1,1922.1764799999999,1919.973835,-0.002445224403640527,-0.3580614147028832,time
2026-07-22 13:30:00+00:00,2026-07-22 13:30:00+00:00,2026-07-22 14:15:00+00:00,1,1921.126165,1951.9254116504999,0.014812876772574075,2.7201598037323023,target
2026-07-22 14:15:00+00:00,2026-07-22 14:15:00+00:00,2026-07-22 14:30:00+00:00,1,1941.252201,1928.2110640897,-0.007916993616061355,-1.2332101329975518,stop
2026-07-22 14:30:00+00:00,2026-07-22 14:30:00+00:00,2026-07-22 22:30:00+00:00,1,1924.597206,1934.8093830000003,0.004002953606075399,0.5677283217391532,time
2026-07-22 22:30:00+00:00,2026-07-22 22:30:00+00:00,2026-07-22 23:15:00+00:00,1,1935.970617,1921.8480562315667,-0.008499819962353565,-1.2147943424354302,stop
2026-07-22 23:15:00+00:00,2026-07-22 23:15:00+00:00,2026-07-23 07:15:00+00:00,1,1925.1673769999998,1916.12499,-0.005994117340530717,-0.8618668693271746,time
2026-07-23 07:15:00+00:00,2026-07-23 07:15:00+00:00,2026-07-23 12:45:00+00:00,1,1917.27501,1906.947753997,-0.0066519420802004315,-1.3073913191528121,stop
2026-07-23 12:45:00+00:00,2026-07-23 12:45:00+00:00,2026-07-23 13:00:00+00:00,1,1904.061047,1893.7185942692333,-0.006631652239404274,-1.291882074137613,stop
2026-07-23 13:00:00+00:00,2026-07-23 13:00:00+00:00,2026-07-23 15:00:00+00:00,1,1904.07105,1892.888013185,-0.007094700604350306,-1.2726155467885993,stop
2026-07-23 15:00:00+00:00,2026-07-23 15:00:00+00:00,2026-07-23 15:15:00+00:00,1,1895.9486140000001,1882.255434582467,-0.008421128383019262,-1.2161503125124853,stop
2026-07-23 15:15:00+00:00,2026-07-23 15:15:00+00:00,2026-07-23 18:00:00+00:00,1,1884.115065,1869.6914892305,-0.008885140015266278,-1.207619560497566,stop
2026-07-23 18:00:00+00:00,2026-07-23 18:00:00+00:00,2026-07-24 02:00:00+00:00,-1,1877.03672,1872.441564,0.0011495594809674732,0.12206281191345413,time
2026-07-24 02:00:00+00:00,2026-07-24 02:00:00+00:00,2026-07-24 06:30:00+00:00,-1,1871.3184360000002,1882.8806307808002,-0.00743859282049707,-1.2657400211769383,stop
2026-07-24 06:30:00+00:00,2026-07-24 06:30:00+00:00,2026-07-24 07:15:00+00:00,-1,1882.804989,1894.3722969133667,-0.007356718121425463,-1.2593013635899513,stop
2026-07-24 07:15:00+00:00,2026-07-24 07:15:00+00:00,2026-07-24 13:00:00+00:00,-1,1907.247654,1873.5545517961998,0.01640454892660271,2.7401142129783462,target
2026-07-24 13:00:00+00:00,2026-07-24 13:00:00+00:00,2026-07-24 21:00:00+00:00,-1,1871.048517,1860.3079249999998,0.0044438576592506955,0.6294226557986445,time
2026-07-24 21:00:00+00:00,2026-07-24 21:00:00+00:00,2026-07-25 05:00:00+00:00,-1,1859.1920750000002,1861.048147,-0.0022989208044573942,-0.42172030988651216,time
2026-07-25 05:00:00+00:00,2026-07-25 05:00:00+00:00,2026-07-25 13:00:00+00:00,-1,1859.931853,1860.007835,-0.0013408765455988133,-0.435115847298607,time
2026-07-25 13:00:00+00:00,2026-07-25 13:00:00+00:00,2026-07-25 13:30:00+00:00,-1,1858.8921650000002,1863.7544569828335,-0.0038235128244000437,-1.6516261887035435,stop
2026-07-25 13:30:00+00:00,2026-07-25 13:30:00+00:00,2026-07-25 13:45:00+00:00,-1,1862.970941,1868.1770593656333,-0.003999326444696974,-1.6037228233277006,stop
2026-07-25 13:45:00+00:00,2026-07-25 13:45:00+00:00,2026-07-25 17:45:00+00:00,-1,1867.059714,1872.5588131641998,-0.004197093005349026,-1.5870831931540907,stop
2026-07-25 17:45:00+00:00,2026-07-25 17:45:00+00:00,2026-07-26 00:30:00+00:00,-1,1872.3481270000002,1879.5118114381,-0.005112713622181181,-1.4504211779361085,stop
2026-07-26 00:30:00+00:00,2026-07-26 00:30:00+00:00,2026-07-26 03:15:00+00:00,-1,1877.766501,1883.4371960336332,-0.0042561018481632774,-1.565261721950433,stop
2026-07-26 03:15:00+00:00,2026-07-26 03:15:00+00:00,2026-07-26 05:00:00+00:00,-1,1881.8352800000002,1888.2307460006668,-0.004622440048534429,-1.4922666069507406,stop
2026-07-26 05:00:00+00:00,2026-07-26 05:00:00+00:00,2026-07-26 06:30:00+00:00,1,1886.035641,1879.3016813077,-0.004787038514906502,-1.4632942064754257,stop
2026-07-26 06:30:00+00:00,2026-07-26 06:30:00+00:00,2026-07-26 14:30:00+00:00,1,1878.473373,1891.3924120000001,0.005573287512178173,1.6057165938190354,time
2026-07-26 14:30:00+00:00,2026-07-26 14:30:00+00:00,2026-07-26 15:45:00+00:00,1,1892.527588,1912.9485312236,0.009568202293758783,2.587485612074785,target
2026-07-26 15:45:00+00:00,2026-07-26 15:45:00+00:00,2026-07-26 22:45:00+00:00,1,1914.304119,1941.4515087643,0.012885327118302517,2.668564887547307,target
2026-07-26 22:45:00+00:00,2026-07-26 22:45:00+00:00,2026-07-27 01:45:00+00:00,1,1947.1839799999998,1937.2526298059997,-0.0063348053834818745,-1.3192547122068028,stop
2026-07-27 01:45:00+00:00,2026-07-27 01:45:00+00:00,2026-07-27 09:45:00+00:00,1,1941.852381,1965.090296,0.010659700169917376,1.5458972483719309,time
2026-07-27 09:45:00+00:00,2026-07-27 09:45:00+00:00,2026-07-27 12:30:00+00:00,1,1966.269704,1951.3557882554667,-0.00881470203487489,-1.2096369590062794,stop
2026-07-27 12:30:00+00:00,2026-07-27 12:30:00+00:00,2026-07-27 14:30:00+00:00,1,1947.8441779999998,1935.6816325799332,-0.007465359485682943,-1.255549605197691,stop
2026-07-27 14:30:00+00:00,2026-07-27 14:30:00+00:00,2026-07-27 14:45:00+00:00,1,1937.240998,1919.2708772839333,-0.01047370035029366,-1.1664877144266266,stop
2026-07-27 14:45:00+00:00,2026-07-27 14:45:00+00:00,2026-07-27 22:45:00+00:00,1,1920.555994,1913.005926,-0.005228829975680476,-0.5357301014350494,time
2026-07-27 22:45:00+00:00,2026-07-27 22:45:00+00:00,2026-07-27 23:00:00+00:00,1,1914.1540739999998,1900.0588852777998,-0.008562371468352288,-1.211807632476739,stop
2026-07-27 23:00:00+00:00,2026-07-27 23:00:00+00:00,2026-07-28 00:30:00+00:00,1,1892.857687,1877.4567809439,-0.009350193593554388,-1.1928280248355572,stop
2026-07-28 00:30:00+00:00,2026-07-28 00:30:00+00:00,2026-07-28 08:30:00+00:00,-1,1881.675328,1884.1850859999997,-0.00263458935100609,-0.27610369151766534,time
2026-07-28 08:30:00+00:00,2026-07-28 08:30:00+00:00,2026-07-28 13:00:00+00:00,-1,1883.054914,1892.9809713075333,-0.006530664924427305,-1.3140802148847923,stop
2026-07-28 13:00:00+00:00,2026-07-28 13:00:00+00:00,2026-07-28 14:00:00+00:00,-1,1890.912556,1858.8625475167999,0.015747162352725986,2.739539095067699,target
2026-07-28 14:00:00+00:00,2026-07-28 14:00:00+00:00,2026-07-28 14:45:00+00:00,-1,1872.4081090000002,1887.9184813493669,-0.009497994611386376,-1.1900377268453546,stop
2026-07-28 14:45:00+00:00,2026-07-28 14:45:00+00:00,2026-07-28 15:30:00+00:00,-1,1884.8343800000002,1901.7597368140002,-0.010194520967089372,-1.1748690679548077,stop
2026-07-28 15:30:00+00:00,2026-07-28 15:30:00+00:00,2026-07-28 23:30:00+00:00,-1,1910.72661,1908.442361,-0.00010379561500949344,-0.009863646067636978,time
2026-07-28 23:30:00+00:00,2026-07-28 23:30:00+00:00,2026-07-29 03:45:00+00:00,1,1908.442361,1896.1916661250332,-0.007668484828643907,-1.2528059316595617,stop
2026-07-29 03:45:00+00:00,2026-07-29 03:45:00+00:00,2026-07-29 11:45:00+00:00,1,1897.429058,1910.1367870000001,0.0053933223716869,0.6900115696263577,time
2026-07-29 11:45:00+00:00,2026-07-29 11:45:00+00:00,2026-07-29 13:30:00+00:00,1,1911.283213,1899.7947702027668,-0.007229121677761084,-1.2654769263415477,stop
2026-07-29 13:30:00+00:00,2026-07-29 13:30:00+00:00,2026-07-29 14:30:00+00:00,1,1903.981023,1892.3664760264335,-0.007308977908741444,-1.259760582598363,stop
2026-07-29 14:30:00+00:00,2026-07-29 14:30:00+00:00,2026-07-29 18:15:00+00:00,1,1897.218995,1934.6484263015,0.01846986499749255,2.765696819915426,target
2026-07-29 18:15:00+00:00,2026-07-29 18:15:00+00:00,2026-07-30 02:15:00+00:00,-1,1916.02502,1916.764857,-0.0016863628577250271,-0.17144216987264882,time
2026-07-30 02:15:00+00:00,2026-07-30 02:15:00+00:00,2026-07-30 05:15:00+00:00,1,1916.764857,1899.8997160428999,-0.010030973967853418,-1.179933622771601,stop
2026-07-30 05:15:00+00:00,2026-07-30 05:15:00+00:00,2026-07-30 13:15:00+00:00,1,1902.840681,1924.042614,0.009835568022996276,1.4485695785526362,time
2026-07-30 13:15:00+00:00,2026-07-30 13:15:00+00:00,2026-07-30 14:30:00+00:00,1,1925.1973859999998,1914.2537708675334,-0.006896626357534031,-1.2804661611260832,stop
2026-07-30 14:30:00+00:00,2026-07-30 14:30:00+00:00,2026-07-30 22:30:00+00:00,1,1920.856084,1930.8905590000002,0.003920825442641623,0.6514531598760304,time
2026-07-30 22:30:00+00:00,2026-07-30 22:30:00+00:00,2026-07-30 23:45:00+00:00,1,1932.049441,1920.8046933343667,-0.007032246758508008,-1.2735492971800777,stop
2026-07-30 23:45:00+00:00,2026-07-30 23:45:00+00:00,2026-07-31 02:00:00+00:00,1,1924.487173,1912.7981613481,-0.007298312636895674,-1.263653536144806,stop
2026-07-31 02:00:00+00:00,2026-07-31 02:00:00+00:00,2026-07-31 07:15:00+00:00,1,1909.87279,1894.969128663,-0.009064426688879867,-1.2076666822491406,stop
2026-07-31 07:15:00+00:00,2026-07-31 07:15:00+00:00,2026-07-31 14:15:00+00:00,-1,1890.2927419999999,1853.9512605725997,0.017949354434399867,2.7586856354168843,target
2026-07-31 14:15:00+00:00,2026-07-31 14:15:00+00:00,2026-07-31 18:00:00+00:00,-1,1863.290845,1876.6244968368333,-0.008407137748961969,-1.2266186858305927,stop
2026-07-31 18:00:00+00:00,2026-07-31 18:00:00+00:00,2026-08-01 02:00:00+00:00,-1,1873.4178060000002,1866.549797,0.002368231284762464,0.2788030995559444,time
2026-08-01 02:00:00+00:00,2026-08-01 02:00:00+00:00,2026-08-01 10:00:00+00:00,-1,1865.4302030000001,1867.6001119999999,-0.0024639196909688574,-0.7303395459692463,time
2026-08-01 10:00:00+00:00,2026-08-01 10:00:00+00:00,2026-08-01 14:15:00+00:00,-1,1866.479888,1870.8543092997334,-0.0035982056947634926,-1.7611831893784422,stop
2026-08-01 14:15:00+00:00,2026-08-01 14:15:00+00:00,2026-08-01 14:30:00+00:00,-1,1868.3593240000002,1872.9535415472003,-0.003663558610750337,-1.697419439408762,stop
2026-08-01 14:30:00+00:00,2026-08-01 14:30:00+00:00,2026-08-01 17:45:00+00:00,-1,1871.848277,1859.8735717330999,0.005160476113421231,2.3122988202051866,target
2026-08-01 17:45:00+00:00,2026-08-01 17:45:00+00:00,2026-08-01 18:45:00+00:00,-1,1861.6413400000001,1845.3872901519997,0.007523770477271028,2.5000557167619966,target
2026-08-01 18:45:00+00:00,2026-08-01 18:45:00+00:00,2026-08-01 21:15:00+00:00,-1,1831.510382,1840.5348768646,-0.006161557603093217,-1.3319512209331605,stop
2026-08-01 21:15:00+00:00,2026-08-01 21:15:00+00:00,2026-08-01 22:30:00+00:00,-1,1836.528876,1848.6549728294667,-0.007822312564853901,-1.2414722369971247,stop
2026-08-01 22:30:00+00:00,2026-08-01 22:30:00+00:00,2026-08-02 02:15:00+00:00,-1,1847.895465,1860.4250918061668,-0.008031427925048977,-1.2396969990398718,stop
2026-08-02 02:15:00+00:00,2026-08-02 02:15:00+00:00,2026-08-02 02:30:00+00:00,-1,1873.787695,1884.2736408918333,-0.006802605393304885,-1.28483544190663,stop
2026-08-02 02:30:00+00:00,2026-08-02 02:30:00+00:00,2026-08-02 10:30:00+00:00,-1,1874.197572,1865.9096049999998,0.0031247948583940483,0.552064377370013,time
2026-08-02 10:30:00+00:00,2026-08-02 10:30:00+00:00,2026-08-02 18:30:00+00:00,-1,1864.790395,1868.96052,-0.003537585031641102,-0.9817965405184336,time
2026-08-02 18:30:00+00:00,2026-08-02 18:30:00+00:00,2026-08-02 18:45:00+00:00,-1,1867.83948,1875.534471594,-0.005325325366466356,-1.3945815581256622,stop
2026-08-02 18:45:00+00:00,2026-08-02 18:45:00+00:00,2026-08-02 21:45:00+00:00,-1,1879.925853,1888.9623717559,-0.0060472326034026165,-1.3421899539835935,stop
2026-08-02 21:45:00+00:00,2026-08-02 21:45:00+00:00,2026-08-02 22:45:00+00:00,1,1893.9380109999997,1883.6544117633666,-0.006638986515081158,-1.293825647274432,stop
2026-08-02 22:45:00+00:00,2026-08-02 22:45:00+00:00,2026-08-03 00:30:00+00:00,1,1884.9153049999998,1872.9107631585,-0.007586797118553683,-1.2497679706962475,stop
2026-08-03 00:30:00+00:00,2026-08-03 00:30:00+00:00,2026-08-03 03:15:00+00:00,1,1873.651927,1860.0337494219,-0.008498267762272405,-1.2192033513739442,stop
2026-08-03 03:15:00+00:00,2026-08-03 03:15:00+00:00,2026-08-03 04:00:00+00:00,1,1863.3788459999998,1850.2236123462,-0.008265020469964454,-1.2222908178959333,stop
2026-08-03 04:00:00+00:00,2026-08-03 04:00:00+00:00,2026-08-03 12:00:00+00:00,-1,1855.6231460000001,1839.511688,0.007387714911053433,1.1639010713173983,time
2026-08-03 12:00:00+00:00,2026-08-03 12:00:00+00:00,2026-08-03 13:30:00+00:00,-1,1838.408312,1850.1531914936,-0.007611196305092679,-1.2504456256966936,stop
2026-08-03 13:30:00+00:00,2026-08-03 13:30:00+00:00,2026-08-03 14:00:00+00:00,-1,1842.727016,1854.0980786048,-0.0073807322448312795,-1.2575750998994826,stop
2026-08-03 14:00:00+00:00,2026-08-03 14:00:00+00:00,2026-08-03 15:00:00+00:00,-1,1857.622546,1870.8177896804666,-0.008320058451583753,-1.2233120372297215,stop
2026-08-03 15:00:00+00:00,2026-08-03 15:00:00+00:00,2026-08-03 23:00:00+00:00,-1,1872.4381,1860.1478769999999,0.005267692215726756,0.7025233336040044,time
2026-08-03 23:00:00+00:00,2026-08-03 23:00:00+00:00,2026-08-04 02:45:00+00:00,-1,1859.032123,1869.8512434702332,-0.007070126684885137,-1.2812600442776003,stop
2026-08-04 02:45:00+00:00,2026-08-04 02:45:00+00:00,2026-08-04 10:45:00+00:00,-1,1867.189675,1863.1187679999998,0.0008815403109489995,0.14010523195065422,time
2026-08-04 10:45:00+00:00,2026-08-04 10:45:00+00:00,2026-08-04 11:00:00+00:00,-1,1862.001232,1871.6742325362668,-0.006401190484732443,-1.3081058608566039,stop
2026-08-04 11:00:00+00:00,2026-08-04 11:00:00+00:00,2026-08-04 12:45:00+00:00,-1,1865.420206,1875.3601453118,-0.006553597709659,-1.3036751361869556,stop
2026-08-04 12:45:00+00:00,2026-08-04 12:45:00+00:00,2026-08-04 13:45:00+00:00,1,1877.973223,1867.2137241164332,-0.00693837673377949,-1.2775637601559626,stop
2026-08-04 13:45:00+00:00,2026-08-04 13:45:00+00:00,2026-08-04 14:00:00+00:00,1,1873.1517769999998,1862.0288340502332,-0.007137651673433991,-1.2655901158665164,stop
2026-08-04 14:00:00+00:00,2026-08-04 14:00:00+00:00,2026-08-04 22:00:00+00:00,1,1861.488279,1870.918556,0.003762948254964629,0.620249475008866,time
2026-08-04 22:00:00+00:00,2026-08-04 22:00:00+00:00,2026-08-05 01:15:00+00:00,1,1872.041444,1860.4606383168,-0.007423104152309862,-1.2607265698573484,stop
2026-08-05 01:15:00+00:00,2026-08-05 01:15:00+00:00,2026-08-05 02:15:00+00:00,-1,1863.64074,1874.2895248886666,-0.006929897098541519,-1.28038716690514,stop
2026-08-05 02:15:00+00:00,2026-08-05 02:15:00+00:00,2026-08-05 10:15:00+00:00,-1,1875.557164,1871.311225,0.0009651863909812214,0.18465782899015476,time
2026-08-05 10:15:00+00:00,2026-08-05 10:15:00+00:00,2026-08-05 13:45:00+00:00,1,1871.311225,1863.6711225491667,-0.00532405384649816,-1.4070323726665623,stop
2026-08-05 13:45:00+00:00,2026-08-05 13:45:00+00:00,2026-08-05 14:15:00+00:00,-1,1868.809189,1880.5490178400332,-0.007492002877543877,-1.2528035631856043,stop
2026-08-05 14:15:00+00:00,2026-08-05 14:15:00+00:00,2026-08-05 16:30:00+00:00,-1,1877.676528,1890.1950831250665,-0.007899170875768429,-1.2410058076216648,stop
2026-08-05 16:30:00+00:00,2026-08-05 16:30:00+00:00,2026-08-06 00:30:00+00:00,1,1895.66853,1910.206766,0.006364585252359545,0.7537574324906343,time
2026-08-06 00:30:00+00:00,2026-08-06 00:30:00+00:00,2026-08-06 02:30:00+00:00,1,1911.353234,1900.6845241964666,-0.006803408212561329,-1.2877091555670512,stop
2026-08-06 02:30:00+00:00,2026-08-06 02:30:00+00:00,2026-08-06 10:30:00+00:00,1,1898.319325,1903.998629,0.0016899587191949394,0.3033646614751778,time
2026-08-06 10:30:00+00:00,2026-08-06 10:30:00+00:00,2026-08-06 11:15:00+00:00,1,1905.141371,1895.1085011720334,-0.006472422802487618,-1.3029018703836828,stop
2026-08-06 11:15:00+00:00,2026-08-06 11:15:00+00:00,2026-08-06 13:15:00+00:00,1,1901.97042,1892.430020624,-0.006238051221046064,-1.3223281026329856,stop
2026-08-06 13:15:00+00:00,2026-08-06 13:15:00+00:00,2026-08-06 21:15:00+00:00,1,1895.6385209999999,1906.967738,0.004672878976856473,0.890111143108373,time
2026-08-06 21:15:00+00:00,2026-08-06 21:15:00+00:00,2026-08-06 23:45:00+00:00,1,1908.1122619999999,1898.5966787380664,-0.006215167404318994,-1.3256715939894235,stop
2026-08-06 23:45:00+00:00,2026-08-06 23:45:00+00:00,2026-08-07 07:45:00+00:00,1,1899.779763,1902.0592110000002,-0.00010087135594978457,-0.02688333327562816,time
2026-08-07 07:45:00+00:00,2026-08-07 07:45:00+00:00,2026-08-07 12:15:00+00:00,1,1903.200789,1925.9478312633,0.010688571675850023,2.616398462605881,target
2026-08-07 12:15:00+00:00,2026-08-07 12:15:00+00:00,2026-08-07 12:45:00+00:00,1,1933.839978,1924.0009378399334,-0.006291022704999146,-1.313568242875626,stop
2026-08-07 12:45:00+00:00,2026-08-07 12:45:00+00:00,2026-08-07 14:15:00+00:00,1,1928.488373,1916.8956317381,-0.007226453120926572,-1.26490862915693,stop
2026-08-07 14:15:00+00:00,2026-08-07 14:15:00+00:00,2026-08-07 22:15:00+00:00,1,1912.0734499999999,1914.205566,-0.00018558845351875764,-0.025689581655389156,time
2026-08-07 22:15:00+00:00,2026-08-07 22:15:00+00:00,2026-08-08 06:15:00+00:00,1,1915.3544339999999,1915.805086,-0.001064857302228054,-0.2244378712957105,time
2026-08-08 13:30:00+00:00,2026-08-08 13:30:00+00:00,2026-08-08 21:30:00+00:00,1,1918.745451,1919.533967,-0.0008892926338981727,-0.44148155133245104,time
2026-08-09 01:30:00+00:00,2026-08-09 01:30:00+00:00,2026-08-09 09:30:00+00:00,1,1913.9039989999999,1912.905956,-0.001821156847324099,-0.8592077336647052,time
2026-08-09 09:30:00+00:00,2026-08-09 09:30:00+00:00,2026-08-09 15:00:00+00:00,1,1914.054044,1925.0488560367999,0.004472057154334355,2.218991336682539,target
2026-08-09 15:00:00+00:00,2026-08-09 15:00:00+00:00,2026-08-09 18:30:00+00:00,1,1924.707239,1919.6236790783003,-0.003883377306845078,-1.6582061928459362,stop
2026-08-09 18:30:00+00:00,2026-08-09 18:30:00+00:00,2026-08-09 20:30:00+00:00,1,1921.926405,1916.9603109951665,-0.0038073644107904816,-1.6665342633263514,stop
2026-08-09 22:15:00+00:00,2026-08-09 22:15:00+00:00,2026-08-09 22:30:00+00:00,1,1933.259804,1928.0603789754666,-0.003890971381933409,-1.6279008630202612,stop
2026-08-09 22:30:00+00:00,2026-08-09 22:30:00+00:00,2026-08-09 22:45:00+00:00,1,1929.638718,1924.027169967933,-0.004109462363016977,-1.575191727033523,stop
2026-08-09 22:45:00+00:00,2026-08-09 22:45:00+00:00,2026-08-09 23:30:00+00:00,1,1918.8654869999998,1912.2799641872332,-0.004639303540415169,-1.4808205346414487,stop
2026-08-09 23:30:00+00:00,2026-08-09 23:30:00+00:00,2026-08-10 00:00:00+00:00,1,1914.144071,1906.5377713620333,-0.005177599896464458,-1.4089333695762445,stop
2026-08-10 00:00:00+00:00,2026-08-10 00:00:00+00:00,2026-08-10 00:15:00+00:00,-1,1909.097099,1917.5255174630336,-0.0056206454700320554,-1.3663443923614955,stop
2026-08-10 00:15:00+00:00,2026-08-10 00:15:00+00:00,2026-08-10 02:00:00+00:00,-1,1920.4237,1930.4051478600002,-0.006422517300298688,-1.3117739364162244,stop
2026-08-10 02:00:00+00:00,2026-08-10 02:00:00+00:00,2026-08-10 10:00:00+00:00,-1,1923.992629,1916.1446709999998,0.002781443273970199,0.379156381208025,time
2026-08-10 10:00:00+00:00,2026-08-10 10:00:00+00:00,2026-08-10 13:00:00+00:00,1,1916.1446709999998,1907.6788622653664,-0.005652996062192987,-1.3722920117932915,stop
2026-08-10 13:00:00+00:00,2026-08-10 13:00:00+00:00,2026-08-10 13:45:00+00:00,1,1905.6715299999998,1897.5104393743331,-0.0054893329271099795,-1.3779405678882526,stop
2026-08-10 13:45:00+00:00,2026-08-10 13:45:00+00:00,2026-08-10 15:00:00+00:00,1,1900.880093,1891.9256783054334,-0.00592346642498243,-1.342583395326262,stop
2026-08-10 15:00:00+00:00,2026-08-10 15:00:00+00:00,2026-08-10 15:15:00+00:00,1,1893.1277679999998,1882.718616252933,-0.006698214360507708,-1.288130933909433,stop
2026-08-10 15:15:00+00:00,2026-08-10 15:15:00+00:00,2026-08-10 23:15:00+00:00,1,1875.942614,1873.297842,-0.002708990401451642,-0.45482492855012724,time
2026-08-10 23:15:00+00:00,2026-08-10 23:15:00+00:00,2026-08-11 03:30:00+00:00,-1,1873.297842,1880.8119163525998,-0.005266679400502775,-1.4195768569018337,stop
2026-08-11 03:30:00+00:00,2026-08-11 03:30:00+00:00,2026-08-11 10:15:00+00:00,-1,1878.896162,1885.7483835152666,-0.004933503135360868,-1.4744761568787637,stop
2026-08-11 10:15:00+00:00,2026-08-11 10:15:00+00:00,2026-08-11 11:15:00+00:00,-1,1883.6347400000002,1890.8093126720003,-0.005023683380278528,-1.432127815036427,stop
2026-08-11 11:15:00+00:00,2026-08-11 11:15:00+00:00,2026-08-11 15:00:00+00:00,-1,1892.472088,1869.7603478763997,0.010761422143072292,2.62529049731863,target
2026-08-11 15:00:00+00:00,2026-08-11 15:00:00+00:00,2026-08-11 20:00:00+00:00,-1,1872.018226,1883.0729784677999,-0.007171302150348643,-1.2797720047288481,stop
2026-08-11 20:00:00+00:00,2026-08-11 20:00:00+00:00,2026-08-12 04:00:00+00:00,-1,1880.5756580000002,1886.345734,-0.004370090810246885,-0.5975124920448207,time
2026-08-12 04:00:00+00:00,2026-08-12 04:00:00+00:00,2026-08-12 04:30:00+00:00,-1,1885.214266,1892.2109256964663,-0.004919810744020105,-1.442628241189391,stop
2026-08-12 04:30:00+00:00,2026-08-12 04:30:00+00:00,2026-08-12 08:15:00+00:00,-1,1888.1733780000002,1895.2884606800667,-0.005017371826523177,-1.4470979496489262,stop
2026-08-12 08:15:00+00:00,2026-08-12 08:15:00+00:00,2026-08-12 09:30:00+00:00,-1,1891.252454,1898.2267512361998,-0.004905498237061542,-1.448483306625348,stop
2026-08-12 09:30:00+00:00,2026-08-12 09:30:00+00:00,2026-08-12 10:15:00+00:00,-1,1902.279145,1910.0244804934998,-0.005283426232263261,-1.401261977801371,stop
2026-08-12 10:15:00+00:00,2026-08-12 10:15:00+00:00,2026-08-12 12:30:00+00:00,-1,1910.1567810000001,1918.8972775343,-0.005806671074967663,-1.3584387175610582,stop
2026-08-12 12:30:00+00:00,2026-08-12 12:30:00+00:00,2026-08-12 12:45:00+00:00,1,1922.216492,1912.2176545524,-0.006401726815518807,-1.305623858044446,stop
2026-08-12 12:45:00+00:00,2026-08-12 12:45:00+00:00,2026-08-12 14:15:00+00:00,1,1909.242601,1897.7572696363668,-0.007230788574250807,-1.264706886154701,stop
2026-08-12 14:15:00+00:00,2026-08-12 14:15:00+00:00,2026-08-12 14:45:00+00:00,1,1899.6197149999998,1885.8163003354998,-0.008468299612756991,-1.215225601278191,stop
2026-08-12 14:45:00+00:00,2026-08-12 14:45:00+00:00,2026-08-12 19:45:00+00:00,1,1891.9074019999998,1877.2007394460668,-0.009031293832543329,-1.2080866121677385,stop
2026-08-12 19:45:00+00:00,2026-08-12 19:45:00+00:00,2026-08-13 03:45:00+00:00,-1,1878.516276,1883.874993,-0.004154344302843741,-0.698709547623651,time
2026-08-13 03:45:00+00:00,2026-08-13 03:45:00+00:00,2026-08-13 05:00:00+00:00,-1,1882.745007,1891.8648962521,-0.00606246360624956,-1.334589077437657,stop
2026-08-13 05:00:00+00:00,2026-08-13 05:00:00+00:00,2026-08-13 05:30:00+00:00,-1,1890.992532,1899.8639869262668,-0.005900492652473119,-1.3440418639968914,stop
2026-08-13 05:30:00+00:00,2026-08-13 05:30:00+00:00,2026-08-13 13:30:00+00:00,-1,1897.480585,1887.846184,0.0037805166159842556,0.838265484089982,time
2026-08-13 13:30:00+00:00,2026-08-13 13:30:00+00:00,2026-08-13 14:45:00+00:00,-1,1886.713816,1895.2488868114663,-0.005742115335486678,-1.3598822179742673,stop
2026-08-13 14:45:00+00:00,2026-08-13 14:45:00+00:00,2026-08-13 16:45:00+00:00,-1,1894.851374,1865.9634951622002,0.014029606224911544,2.7082793410598036,target
2026-08-13 16:45:00+00:00,2026-08-13 16:45:00+00:00,2026-08-13 19:00:00+00:00,-1,1869.788895,1883.0669790018333,-0.008333767186539165,-1.2256726800398285,stop
2026-08-13 19:00:00+00:00,2026-08-13 19:00:00+00:00,2026-08-14 03:00:00+00:00,-1,1883.9546440000001,1886.46577,-0.0026337012563450416,-0.36007066130623167,time
2026-08-14 03:00:00+00:00,2026-08-14 03:00:00+00:00,2026-08-14 11:00:00+00:00,-1,1885.3342300000002,1875.6825359999998,0.003822425967092509,1.1865889984742692,time
2026-08-14 11:00:00+00:00,2026-08-14 11:00:00+00:00,2026-08-14 15:45:00+00:00,-1,1874.557464,1882.3586689058666,-0.005423496814731478,-1.404881128747358,stop
2026-08-14 15:45:00+00:00,2026-08-14 15:45:00+00:00,2026-08-14 23:45:00+00:00,-1,1882.745007,1880.293919,2.6504617892885812e-06,0.0005014799799039311,time
2026-08-14 23:45:00+00:00,2026-08-14 23:45:00+00:00,2026-08-15 03:30:00+00:00,-1,1879.166081,1885.9275229076331,-0.004847141544390469,-1.4701144285177554,stop
2026-08-16 17:45:00+00:00,2026-08-16 17:45:00+00:00,2026-08-16 19:30:00+00:00,-1,1883.3348300000002,1887.6817980323335,-0.003531382658366133,-1.7590767357881365,stop
2026-08-16 19:30:00+00:00,2026-08-16 19:30:00+00:00,2026-08-16 21:45:00+00:00,-1,1886.73381,1874.290928643,0.005370764053572551,2.337532208859984,target
2026-08-16 21:45:00+00:00,2026-08-16 21:45:00+00:00,2026-08-16 22:45:00+00:00,1,1874.322128,1867.530867278267,-0.004833641672452199,-1.4540272642236507,stop
2026-08-16 22:45:00+00:00,2026-08-16 22:45:00+00:00,2026-08-17 01:15:00+00:00,1,1873.1717829999998,1893.9484279650997,0.009853787243549392,2.594214507421243,target
2026-08-17 01:15:00+00:00,2026-08-17 01:15:00+00:00,2026-08-17 03:00:00+00:00,-1,1888.273348,1898.3526830044,-0.006562935718822727,-1.3031142589369256,stop
2026-08-17 03:00:00+00:00,2026-08-17 03:00:00+00:00,2026-08-17 11:00:00+00:00,-1,1901.0695080000003,1906.851884,-0.004343468637654704,-0.6991732248941264,time
2026-08-17 11:00:00+00:00,2026-08-17 11:00:00+00:00,2026-08-17 12:30:00+00:00,1,1906.851884,1898.1172779347999,-0.005796643739313078,-1.353746605656551,stop
2026-08-17 12:30:00+00:00,2026-08-17 12:30:00+00:00,2026-08-17 20:30:00+00:00,1,1898.8294779999999,1907.4276,0.0032254001090455497,0.7245053003233476,time
2026-08-17 20:30:00+00:00,2026-08-17 20:30:00+00:00,2026-08-18 02:00:00+00:00,1,1908.5724,1899.3332623633335,-0.006106708546442648,-1.3444308818515305,stop
2026-08-18 02:00:00+00:00,2026-08-18 02:00:00+00:00,2026-08-18 02:45:00+00:00,1,1901.240201,1893.9268524397003,-0.005053687016608585,-1.4245030273162367,stop
2026-08-18 02:45:00+00:00,2026-08-18 02:45:00+00:00,2026-08-18 03:45:00+00:00,1,1894.2581069999999,1886.8227236512332,-0.005135366736743708,-1.4161412214234996,stop
2026-08-18 03:45:00+00:00,2026-08-18 03:45:00+00:00,2026-08-18 11:45:00+00:00,1,1895.218395,1903.358821,0.002992667149001545,0.7029652341540911,time
2026-08-18 11:45:00+00:00,2026-08-18 11:45:00+00:00,2026-08-18 13:15:00+00:00,1,1904.501179,1897.2851559796334,-0.00500540735998187,-1.434223302677144,stop
2026-08-18 13:15:00+00:00,2026-08-18 13:15:00+00:00,2026-08-18 14:30:00+00:00,1,1897.709142,1914.8045282574,0.007787403255236023,2.509036731732071,target
2026-08-18 14:30:00+00:00,2026-08-18 14:30:00+00:00,2026-08-18 15:00:00+00:00,1,1917.895196,1909.5213343578666,-0.0055698029942419375,-1.3693791353901916,stop
2026-08-18 15:00:00+00:00,2026-08-18 15:00:00+00:00,2026-08-18 23:00:00+00:00,1,1911.013132,1912.0662080000002,-0.0007492742426637878,-0.16262043352638827,time
2026-08-18 23:00:00+00:00,2026-08-18 23:00:00+00:00,2026-08-19 02:30:00+00:00,1,1913.213792,1907.2589426124002,-0.004354367591641959,-1.5477633314941441,stop
2026-08-19 02:30:00+00:00,2026-08-19 02:30:00+00:00,2026-08-19 10:30:00+00:00,1,1909.982823,1917.0946990000002,0.0024212946571091575,0.6897287404176252,time
2026-08-19 10:30:00+00:00,2026-08-19 10:30:00+00:00,2026-08-19 13:00:00+00:00,1,1918.245301,1940.8828614097001,0.010562850505112813,2.6178473316018285,target
2026-08-19 13:00:00+00:00,2026-08-19 13:00:00+00:00,2026-08-19 13:45:00+00:00,1,1936.8708869999998,1928.1039489005666,-0.005733000191219862,-1.3560856298236366,stop
2026-08-19 13:45:00+00:00,2026-08-19 13:45:00+00:00,2026-08-19 15:00:00+00:00,1,1932.3895429999998,1959.0741443871,0.01258521071807444,2.675170547774342,target
2026-08-19 15:00:00+00:00,2026-08-19 15:00:00+00:00,2026-08-19 15:15:00+00:00,1,1970.4409549999998,2007.2735922135,0.017478245551990037,2.7599720200764772,target
2026-08-19 15:15:00+00:00,2026-08-19 15:15:00+00:00,2026-08-19 15:30:00+00:00,1,2011.593297,2061.0348010109,0.02336040838529426,2.816119112447488,target
2026-08-19 15:30:00+00:00,2026-08-19 15:30:00+00:00,2026-08-19 21:00:00+00:00,1,2075.0923409999996,2151.3092545476998,0.03543862050808264,2.8702583181106918,target
2026-08-19 21:00:00+00:00,2026-08-19 21:00:00+00:00,2026-08-20 05:00:00+00:00,1,2218.105232,2249.1250600000003,0.012676440637691268,0.5851449831247153,time
2026-08-20 05:00:00+00:00,2026-08-20 05:00:00+00:00,2026-08-20 13:00:00+00:00,1,2250.47494,2288.773162,0.01570762909486115,1.475308690354395,time
2026-08-20 13:00:00+00:00,2026-08-20 13:00:00+00:00,2026-08-20 13:45:00+00:00,1,2290.146838,2257.990904115267,-0.015241942602725227,-1.1088988189741733,stop
2026-08-20 13:45:00+00:00,2026-08-20 13:45:00+00:00,2026-08-20 21:45:00+00:00,1,2274.432125,2317.954405,0.017823967760524022,1.1909343381169253,time
2026-08-20 21:45:00+00:00,2026-08-20 21:45:00+00:00,2026-08-21 05:45:00+00:00,1,2319.3455950000002,2353.183833,0.013280808970471611,1.0826038409173124,time
2026-08-21 05:45:00+00:00,2026-08-21 05:45:00+00:00,2026-08-21 09:00:00+00:00,1,2354.5961669999997,2436.0401356499,0.033327978911564284,2.8648834097606057,target
2026-08-21 09:00:00+00:00,2026-08-21 09:00:00+00:00,2026-08-21 09:15:00+00:00,1,2445.63347,2414.3447825423336,-0.013989143276562097,-1.1193603734368345,stop
2026-08-21 09:15:00+00:00,2026-08-21 09:15:00+00:00,2026-08-21 11:45:00+00:00,1,2398.849439,2362.544629584967,-0.01635642873756565,-1.1022809758020213,stop
2026-08-21 11:45:00+00:00,2026-08-21 11:45:00+00:00,2026-08-21 19:45:00+00:00,1,2374.172038,2415.745059,0.016200028019199383,0.8739298690752029,time
2026-08-21 19:45:00+00:00,2026-08-21 19:45:00+00:00,2026-08-21 22:00:00+00:00,1,2417.1949409999997,2504.6358247676994,0.03492469732937583,2.871666015835489,target
2026-08-21 22:00:00+00:00,2026-08-21 22:00:00+00:00,2026-08-22 05:15:00+00:00,1,2514.2640530000003,2477.623876117434,-0.01585480441971695,-1.1104976735028287,stop
2026-08-22 05:15:00+00:00,2026-08-22 05:15:00+00:00,2026-08-22 10:15:00+00:00,1,2444.743203,2402.438921705767,-0.018556299477006474,-1.090951190843547,stop
2026-08-22 10:15:00+00:00,2026-08-22 10:15:00+00:00,2026-08-22 18:15:00+00:00,1,2401.4202099999998,2425.7420589999997,0.008822033532232133,0.4967076616998159,time
2026-08-22 18:15:00+00:00,2026-08-22 18:15:00+00:00,2026-08-22 21:45:00+00:00,1,2427.197941,2409.7722923677,-0.008418769782665656,-1.2234109074832578,stop
2026-08-22 21:45:00+00:00,2026-08-22 21:45:00+00:00,2026-08-23 05:00:00+00:00,1,2416.454719,2398.8648435843,-0.008565465017579597,-1.2269151370574902,stop
2026-08-23 05:00:00+00:00,2026-08-23 05:00:00+00:00,2026-08-23 05:30:00+00:00,1,2378.863445,2358.8155879665,-0.009628687345612242,-1.1843501732063648,stop
2026-08-23 05:30:00+00:00,2026-08-23 05:30:00+00:00,2026-08-23 13:30:00+00:00,1,2380.774018,2448.7466735446,0.02723352373541958,2.8309951196538963,target
2026-08-23 13:30:00+00:00,2026-08-23 13:30:00+00:00,2026-08-23 14:45:00+00:00,1,2455.3363799999997,2432.896292086,-0.010349454500482306,-1.1704924987650402,stop
2026-08-23 14:45:00+00:00,2026-08-23 14:45:00+00:00,2026-08-23 22:45:00+00:00,1,2420.155829,2457.3325790000004,0.014052087458497509,1.2926794313196304,time
2026-08-23 22:45:00+00:00,2026-08-23 22:45:00+00:00,2026-08-24 01:45:00+00:00,1,2458.807421,2435.1858126903667,-0.010838672968253995,-1.1642306394030406,stop
2026-08-24 01:45:00+00:00,2026-08-24 01:45:00+00:00,2026-08-24 09:45:00+00:00,1,2438.7314,2460.8915110000003,0.007781285021138506,0.6718125128652378,time
2026-08-24 09:45:00+00:00,2026-08-24 09:45:00+00:00,2026-08-24 15:30:00+00:00,1,2462.368489,2532.9608727033,0.02737941281018857,2.8345833720387317,target
2026-08-24 15:30:00+00:00,2026-08-24 15:30:00+00:00,2026-08-24 15:45:00+00:00,1,2524.4271009999998,2487.8463564530334,-0.015685141963673124,-1.1049788829877147,stop
2026-08-24 15:45:00+00:00,2026-08-24 15:45:00+00:00,2026-08-24 17:30:00+00:00,1,2494.118011,2454.877993263367,-0.01694545886934044,-1.0976705264656346,stop
2026-08-24 17:30:00+00:00,2026-08-24 17:30:00+00:00,2026-08-25 01:30:00+00:00,1,2457.7371,2496.680771,0.014535829144378381,0.8507361462311492,time
2026-08-25 01:30:00+00:00,2026-08-25 01:30:00+00:00,2026-08-25 08:00:00+00:00,1,2498.179229,2478.2696916479663,-0.009246087509912041,-1.2051854654608585,stop
2026-08-25 08:00:00+00:00,2026-08-25 08:00:00+00:00,2026-08-25 13:30:00+00:00,1,2478.7333969999995,2453.9319964808997,-0.011268421488990063,-1.1606653927376793,stop
2026-08-25 13:30:00+00:00,2026-08-25 13:30:00+00:00,2026-08-25 21:00:00+00:00,1,2456.996878,2432.696016853267,-0.011178288660795564,-1.1652121056796596,stop
2026-08-25 21:00:00+00:00,2026-08-25 21:00:00+00:00,2026-08-25 21:15:00+00:00,1,2435.770512,2414.9183190964,-0.009758808503511409,-1.18098213812485,stop
2026-08-25 21:15:00+00:00,2026-08-25 21:15:00+00:00,2026-08-26 05:15:00+00:00,1,2429.888748,2455.932999,0.009411858504149204,1.0635040841852466,time
2026-08-26 05:15:00+00:00,2026-08-26 05:15:00+00:00,2026-08-26 13:15:00+00:00,1,2457.407001,2440.1230777330334,-0.008329178685491377,-1.2366236238630448,stop
2026-08-26 13:15:00+00:00,2026-08-26 13:15:00+00:00,2026-08-26 21:15:00+00:00,1,2445.2833650000002,2491.042463,0.017401980799350014,2.1452476158484366,time
2026-08-26 21:15:00+00:00,2026-08-26 21:15:00+00:00,2026-08-27 05:15:00+00:00,1,2492.5375369999997,2483.394758,-0.004965859870498629,-0.5931516535617489,time
2026-08-27 05:15:00+00:00,2026-08-27 05:15:00+00:00,2026-08-27 08:30:00+00:00,1,2484.885242,2534.9570266774,0.01889782677265277,2.7713921715381327,target
2026-08-27 08:30:00+00:00,2026-08-27 08:30:00+00:00,2026-08-27 10:30:00+00:00,1,2533.869933,2516.2006796034334,-0.008194044312239608,-1.227529734194436,stop
2026-08-27 10:30:00+00:00,2026-08-27 10:30:00+00:00,2026-08-27 13:45:00+00:00,1,2510.262853,2481.947212060767,-0.012513807615458008,-1.1393542598763007,stop
2026-08-27 13:45:00+00:00,2026-08-27 13:45:00+00:00,2026-08-27 21:45:00+00:00,1,2489.296565,2497.8904079999998,0.0021502464732239134,0.17189288387185456,time
2026-08-27 21:45:00+00:00,2026-08-27 21:45:00+00:00,2026-08-28 04:15:00+00:00,1,2499.389592,2479.5388404557334,-0.009218724476504112,-1.2059237966550944,stop
2026-08-28 04:15:00+00:00,2026-08-28 04:15:00+00:00,2026-08-28 12:15:00+00:00,1,2491.7372969999997,2499.679871,0.0018856522215071018,0.27226133388382895,time
2026-08-28 12:15:00+00:00,2026-08-28 12:15:00+00:00,2026-08-28 14:15:00+00:00,1,2501.180129,2487.9710137112997,-0.006502984446807863,-1.3051262168547173,stop
2026-08-28 14:15:00+00:00,2026-08-28 14:15:00+00:00,2026-08-28 16:15:00+00:00,1,2477.44301,2456.7890854303337,-0.009556788917689166,-1.1887732168455807,stop
2026-08-28 16:15:00+00:00,2026-08-28 16:15:00+00:00,2026-08-29 00:15:00+00:00,-1,2443.0168750000003,2441.5222369999997,-0.0006878328070081066,-0.053417695452576394,time
2026-08-29 00:15:00+00:00,2026-08-29 00:15:00+00:00,2026-08-29 08:15:00+00:00,-1,2440.0577630000003,2432.819627,0.001668158783542861,0.29437018909422685,time
2026-08-29 08:15:00+00:00,2026-08-29 08:15:00+00:00,2026-08-29 14:45:00+00:00,-1,2431.3603730000004,2439.513674278567,-0.004636652740757684,-1.5189814153029455,stop
2026-08-29 14:45:00+00:00,2026-08-29 14:45:00+00:00,2026-08-29 15:00:00+00:00,-1,2443.0268720000004,2450.500968478267,-0.004264319709672337,-1.5458658550555866,stop
2026-08-29 15:00:00+00:00,2026-08-29 15:00:00+00:00,2026-08-29 16:30:00+00:00,-1,2447.025672,2454.9869472016,-0.004474151877418709,-1.5153445680928173,stop
2026-08-29 16:30:00+00:00,2026-08-29 16:30:00+00:00,2026-08-29 19:15:00+00:00,-1,2446.2559029999998,2456.1842039375665,-0.005295380189991068,-1.4093042663711632,stop
2026-08-29 19:15:00+00:00,2026-08-29 19:15:00+00:00,2026-08-30 00:30:00+00:00,-1,2455.423152,2467.611546778933,-0.006232470655856511,-1.3367319326729428,stop
2026-08-30 00:30:00+00:00,2026-08-30 00:30:00+00:00,2026-08-30 08:30:00+00:00,-1,2460.7715470000003,2458.277262,-0.00028577274512016354,-0.08652370840969345,time
2026-08-30 08:30:00+00:00,2026-08-30 08:30:00+00:00,2026-08-30 12:15:00+00:00,-1,2456.802738,2463.5557497380664,-0.00399722342667511,-1.6328761744303,stop
2026-08-30 12:15:00+00:00,2026-08-30 12:15:00+00:00,2026-08-30 12:30:00+00:00,1,2469.890745,2461.526232193167,-0.0045876852750129805,-1.4858810711477115,stop
2026-08-30 12:30:00+00:00,2026-08-30 12:30:00+00:00,2026-08-30 12:45:00+00:00,1,2466.149623,2457.2972126130994,-0.004790538698730085,-1.4558453734861418,stop
2026-08-30 12:45:00+00:00,2026-08-30 12:45:00+00:00,2026-08-30 16:15:00+00:00,1,2464.1690289999997,2489.0745825413,0.008857265764846543,2.5524763644116626,target
2026-08-30 16:15:00+00:00,2026-08-30 16:15:00+00:00,2026-08-30 17:30:00+00:00,1,2510.25285,2494.0227519783334,-0.0076772688789636025,-1.2448198568393614,stop
2026-08-30 17:30:00+00:00,2026-08-30 17:30:00+00:00,2026-08-30 21:15:00+00:00,1,2497.879139,2476.2685355083004,-0.009893264968351757,-1.1842424910049316,stop
2026-08-30 21:15:00+00:00,2026-08-30 21:15:00+00:00,2026-08-30 23:30:00+00:00,1,2473.521834,2446.9308677831336,-0.011971920050380124,-1.145267718429202,stop
2026-08-30 23:30:00+00:00,2026-08-30 23:30:00+00:00,2026-08-30 23:45:00+00:00,1,2426.12762,2400.6497089640006,-0.01169829602046675,-1.1463822713194218,stop
2026-08-30 23:45:00+00:00,2026-08-30 23:45:00+00:00,2026-08-31 07:45:00+00:00,1,2411.4432159999997,2439.268,0.010231720483854997,0.9327659107353212,time
2026-08-31 07:45:00+00:00,2026-08-31 07:45:00+00:00,2026-08-31 10:00:00+00:00,-1,2439.268,2457.4350093999997,-0.008680323612714817,-1.2147811599621123,stop
2026-08-31 10:00:00+00:00,2026-08-31 10:00:00+00:00,2026-08-31 12:30:00+00:00,-1,2444.7763470000004,2461.9838873207673,-0.008273965733931018,-1.228234320024478,stop
2026-08-31 12:30:00+00:00,2026-08-31 12:30:00+00:00,2026-08-31 14:45:00+00:00,-1,2453.013875,2469.8971219125,-0.008114909062991693,-1.233141367562767,stop
2026-08-31 14:45:00+00:00,2026-08-31 14:45:00+00:00,2026-08-31 18:45:00+00:00,-1,2463.9705870000003,2484.7857991761,-0.009702901756739043,-1.1912139779350084,stop
2026-08-31 18:45:00+00:00,2026-08-31 18:45:00+00:00,2026-08-31 23:15:00+00:00,1,2487.335977,2463.3367542069004,-0.01089902583776689,-1.1655003903925265,stop
2026-08-31 23:15:00+00:00,2026-08-31 23:15:00+00:00,2026-09-01 07:15:00+00:00,1,2463.6488729999996,2472.008175,0.0020910215495226945,0.3087992137809246,time
2026-09-01 07:15:00+00:00,2026-09-01 07:15:00+00:00,2026-09-01 08:15:00+00:00,1,2473.491825,2459.3762907025002,-0.006915799616493107,-1.2787272520825128,stop
2026-09-01 08:15:00+00:00,2026-09-01 08:15:00+00:00,2026-09-01 08:30:00+00:00,1,2463.4388099999996,2449.811979190333,-0.006731435529126009,-1.28629446899511,stop
2026-09-01 08:30:00+00:00,2026-09-01 08:30:00+00:00,2026-09-01 13:15:00+00:00,1,2447.4840249999997,2433.062220625833,-0.007148341442402884,-1.2778175156805789,stop
2026-09-01 13:15:00+00:00,2026-09-01 13:15:00+00:00,2026-09-01 14:15:00+00:00,-1,2439.447946,2457.886757550466,-0.008775635285443997,-1.2093610096180152,stop
2026-09-01 14:15:00+00:00,2026-09-01 14:15:00+00:00,2026-09-01 18:45:00+00:00,-1,2449.46494,2392.089851732,0.02218132299133274,2.805820354955582,target
2026-09-01 18:45:00+00:00,2026-09-01 18:45:00+00:00,2026-09-01 19:15:00+00:00,-1,2387.68348,2413.1897197939998,-0.011895080304205986,-1.146038000025264,stop
2026-09-01 19:15:00+00:00,2026-09-01 19:15:00+00:00,2026-09-02 03:15:00+00:00,-1,2413.565713,2415.2143469999996,-0.0019834797045360886,-0.1881784043749879,time
2026-09-02 03:15:00+00:00,2026-09-02 03:15:00+00:00,2026-09-02 10:45:00+00:00,-1,2413.765653,2361.2663204459,0.020469270817014013,2.7857739702145574,target
2026-09-02 10:45:00+00:00,2026-09-02 10:45:00+00:00,2026-09-02 11:45:00+00:00,-1,2364.1905300000003,2382.198308492333,-0.008833959831931658,-1.2077003186422504,stop
2026-09-02 11:45:00+00:00,2026-09-02 11:45:00+00:00,2026-09-02 13:45:00+00:00,-1,2375.98699,2395.8680348469998,-0.009597509427717064,-1.1900095257225367,stop
2026-09-02 13:45:00+00:00,2026-09-02 13:45:00+00:00,2026-09-02 21:45:00+00:00,-1,2415.405161,2393.787921,0.007655106453049446,0.8288774463610894,time
2026-09-02 21:45:00+00:00,2026-09-02 21:45:00+00:00,2026-09-03 03:00:00+00:00,-1,2392.3520790000002,2409.431358290367,-0.008409024589028844,-1.2299173094309308,stop
2026-09-03 03:00:00+00:00,2026-09-03 03:00:00+00:00,2026-09-03 11:00:00+00:00,-1,2404.228515,2396.548749,0.0018961911322725267,0.2985186155254666,time
2026-09-03 11:00:00+00:00,2026-09-03 11:00:00+00:00,2026-09-03 12:45:00+00:00,-1,2395.111251,2414.223634208633,-0.009206410428395597,-1.1991503959960528,stop
2026-09-03 12:45:00+00:00,2026-09-03 12:45:00+00:00,2026-09-03 13:45:00+00:00,-1,2411.87622,2429.223935282667,-0.008409438121408378,-1.2204296542297306,stop
2026-09-03 13:45:00+00:00,2026-09-03 13:45:00+00:00,2026-09-03 14:45:00+00:00,-1,2433.46974,2451.7867220886665,-0.008744121197771567,-1.2102694665467626,stop
2026-09-03 14:45:00+00:00,2026-09-03 14:45:00+00:00,2026-09-03 15:00:00+00:00,-1,2455.283194,2474.8454249582,-0.009175308552841472,-1.1970234266501631,stop
2026-09-03 15:00:00+00:00,2026-09-03 15:00:00+00:00,2026-09-03 16:00:00+00:00,-1,2487.813432,2509.6961150296,-0.010013727759999485,-1.179000777364785,stop
2026-09-03 16:00:00+00:00,2026-09-03 16:00:00+00:00,2026-09-03 16:30:00+00:00,1,2517.164923,2490.8949302731,-0.011636329686623639,-1.1476368270989348,stop
2026-09-03 16:30:00+00:00,2026-09-03 16:30:00+00:00,2026-09-04 00:30:00+00:00,1,2491.927354,2504.528416,0.0037537192998765823,0.3433709074065526,time
2026-09-04 00:30:00+00:00,2026-09-04 00:30:00+00:00,2026-09-04 08:30:00+00:00,1,2506.0315840000003,2514.955287,0.002258753542908233,0.28416203408634366,time
2026-09-04 08:30:00+00:00,2026-09-04 08:30:00+00:00,2026-09-04 12:45:00+00:00,1,2516.464713,2499.5862787527662,-0.007956301523614245,-1.2414024199749925,stop
2026-09-04 12:45:00+00:00,2026-09-04 12:45:00+00:00,2026-09-04 20:45:00+00:00,1,2450.5249369999997,2452.0041779999997,-0.0006967196852075937,-0.06449646651262361,time
2026-09-04 20:45:00+00:00,2026-09-04 20:45:00+00:00,2026-09-05 04:45:00+00:00,-1,2452.0041779999997,2450.735,-0.0007820810183792614,-0.15765957176764547,time
2026-09-05 04:45:00+00:00,2026-09-05 04:45:00+00:00,2026-09-05 07:30:00+00:00,-1,2449.265,2455.89904875,-0.003944587728818706,-1.6382095232938043,stop
2026-09-05 07:30:00+00:00,2026-09-05 07:30:00+00:00,2026-09-05 13:00:00+00:00,-1,2454.8933110000003,2461.4223495766337,-0.003929947523536447,-1.6660127019330668,stop
2026-09-05 13:00:00+00:00,2026-09-05 13:00:00+00:00,2026-09-05 16:30:00+00:00,-1,2456.742756,2463.1798216601333,-0.0038654847680374056,-1.6665402226915638,stop
2026-09-05 16:30:00+00:00,2026-09-05 16:30:00+00:00,2026-09-05 17:45:00+00:00,1,2463.1287169999996,2482.7261756349,0.006735928657972846,2.446817153218549,target
2026-09-05 17:45:00+00:00,2026-09-05 17:45:00+00:00,2026-09-06 01:45:00+00:00,1,2476.602758,2504.8660726726002,0.010105283545192873,2.587638093923471,target
2026-09-06 01:45:00+00:00,2026-09-06 01:45:00+00:00,2026-09-06 07:15:00+00:00,1,2501.210138,2488.032670875267,-0.006534025573762385,-1.3147124226355917,stop
2026-09-06 07:15:00+00:00,2026-09-06 07:15:00+00:00,2026-09-06 14:30:00+00:00,1,2489.216541,2472.5778783710334,-0.00797091141040152,-1.2481437112361342,stop
2026-09-06 14:30:00+00:00,2026-09-06 14:30:00+00:00,2026-09-06 14:45:00+00:00,1,2481.454213,2469.8288753194333,-0.005885203120600126,-1.3417528897916422,stop
2026-09-06 14:45:00+00:00,2026-09-06 14:45:00+00:00,2026-09-06 15:15:00+00:00,1,2484.575149,2470.9253156219665,-0.006696783656628157,-1.2889861008253793,stop
2026-09-06 15:15:00+00:00,2026-09-06 15:15:00+00:00,2026-09-06 23:15:00+00:00,1,2476.622764,2508.657177,0.011626955537020114,2.1372278148688566,time
2026-09-06 23:15:00+00:00,2026-09-06 23:15:00+00:00,2026-09-07 03:45:00+00:00,1,2510.1628229999997,2496.2453913197664,-0.006797357171925111,-1.2957200304482053,stop
2026-09-07 03:45:00+00:00,2026-09-07 03:45:00+00:00,2026-09-07 07:45:00+00:00,1,2497.2189409999996,2475.1153502343664,-0.010095971912389838,-1.1802841159797421,stop
2026-09-07 07:45:00+00:00,2026-09-07 07:45:00+00:00,2026-09-07 15:45:00+00:00,1,2485.115311,2466.1460784900337,-0.008928559884745063,-1.217197762272578,stop
2026-09-07 15:45:00+00:00,2026-09-07 15:45:00+00:00,2026-09-07 23:45:00+00:00,1,2469.510631,2488.75315,0.006487362098057678,1.04431156510184,time
2026-09-07 23:45:00+00:00,2026-09-07 23:45:00+00:00,2026-09-08 03:30:00+00:00,1,2490.24685,2478.032383861667,-0.006148853877575987,-1.334878082069939,stop
2026-09-08 03:30:00+00:00,2026-09-08 03:30:00+00:00,2026-09-08 06:30:00+00:00,1,2480.613961,2465.2899853950335,-0.007411286594924184,-1.2605822064801597,stop
2026-09-08 06:30:00+00:00,2026-09-08 06:30:00+00:00,2026-09-08 13:45:00+00:00,1,2465.929557,2450.2317668829,-0.007652676745758618,-1.261217161405693,stop
2026-09-08 13:45:00+00:00,2026-09-08 13:45:00+00:00,2026-09-08 14:15:00+00:00,-1,2447.705468,2464.9563998070666,-0.008258275904184797,-1.2242148230701047,stop
2026-09-08 14:15:00+00:00,2026-09-08 14:15:00+00:00,2026-09-08 15:15:00+00:00,-1,2470.888511,2489.9669437199664,-0.008938417092014936,-1.20479127734444,stop
2026-09-08 15:15:00+00:00,2026-09-08 15:15:00+00:00,2026-09-08 18:30:00+00:00,-1,2487.0736540000003,2506.5253860962,-0.009066449982767977,-1.2058250741952494,stop
2026-09-08 18:30:00+00:00,2026-09-08 18:30:00+00:00,2026-09-08 19:00:00+00:00,1,2500.119811,2477.7962490567,-0.010129889462386502,-1.1735837501460944,stop
2026-09-08 19:00:00+00:00,2026-09-08 19:00:00+00:00,2026-09-09 03:00:00+00:00,1,2486.395695,2491.912202,0.0009173450134612705,0.09739731089459074,time
2026-09-09 03:00:00+00:00,2026-09-09 03:00:00+00:00,2026-09-09 11:00:00+00:00,1,2493.4077979999997,2481.5422785772666,-0.006055900787906114,-1.3577966502941539,stop
2026-09-09 11:00:00+00:00,2026-09-09 11:00:00+00:00,2026-09-09 15:30:00+00:00,1,2487.025884,2471.020188818133,-0.007688065554340173,-1.2526342543997007,stop
2026-09-09 15:30:00+00:00,2026-09-09 15:30:00+00:00,2026-09-09 20:30:00+00:00,1,2479.0334869999997,2455.7990262038998,-0.010629263394439892,-1.1712545792625777,stop
2026-09-09 20:30:00+00:00,2026-09-09 20:30:00+00:00,2026-09-10 04:30:00+00:00,-1,2459.252003,2477.7431,-0.008823503746517058,-1.0581973875125072,time
2026-09-10 04:30:00+00:00,2026-09-10 04:30:00+00:00,2026-09-10 12:30:00+00:00,-1,2476.2569,2459.3075710000003,0.005548844559463753,0.9960394800579617,time
2026-09-10 12:30:00+00:00,2026-09-10 12:30:00+00:00,2026-09-10 13:00:00+00:00,-1,2457.832429,2421.2635902287,0.01368116854116151,2.704868189334894,target
2026-09-10 13:00:00+00:00,2026-09-10 13:00:00+00:00,2026-09-10 14:00:00+00:00,-1,2412.356076,2430.014028239467,-0.008536686999834297,-1.2164525967783741,stop
2026-09-10 14:00:00+00:00,2026-09-10 14:00:00+00:00,2026-09-10 17:15:00+00:00,-1,2433.0498660000003,2453.387328126467,-0.009604475198104588,-1.192152049676837,stop
2026-09-10 17:15:00+00:00,2026-09-10 17:15:00+00:00,2026-09-11 01:15:00+00:00,-1,2451.2044180000003,2455.5864549999997,-0.003088780319585487,-0.31936020101653084,time
2026-09-11 01:15:00+00:00,2026-09-11 01:15:00+00:00,2026-09-11 06:15:00+00:00,-1,2454.113545,2468.8764858135,-0.007281699318663954,-1.2743887986129745,stop
2026-09-11 06:15:00+00:00,2026-09-11 06:15:00+00:00,2026-09-11 08:45:00+00:00,-1,2468.319282,2482.0420046179333,-0.0067941268740073285,-1.2921593194400987,stop
2026-09-11 08:45:00+00:00,2026-09-11 08:45:00+00:00,2026-09-11 12:45:00+00:00,-1,2476.596798,2489.4867533727333,-0.006457827675612197,-1.3170547908419137,stop
2026-09-11 12:45:00+00:00,2026-09-11 12:45:00+00:00,2026-09-11 13:00:00+00:00,-1,2492.332076,2513.109115956134,-0.009544511920427103,-1.1880186387070755,stop
2026-09-11 13:00:00+00:00,2026-09-11 13:00:00+00:00,2026-09-11 14:00:00+00:00,-1,2509.636883,2532.1012855649,-0.01016912689638551,-1.1758035442099175,stop
2026-09-11 14:00:00+00:00,2026-09-11 14:00:00+00:00,2026-09-11 14:15:00+00:00,-1,2628.4812190000002,2665.8840776990337,-0.01544149967192984,-1.1088523417046405,stop
2026-09-11 14:15:00+00:00,2026-09-11 14:15:00+00:00,2026-09-11 22:15:00+00:00,-1,2610.5765920000003,2519.3355739999997,0.03367149361201374,2.0799056620218974,time
2026-09-11 22:15:00+00:00,2026-09-11 22:15:00+00:00,2026-09-12 06:15:00+00:00,1,2519.3355739999997,2508.557207,-0.005575690817439269,-0.5104300954215065,time
2026-09-12 06:15:00+00:00,2026-09-12 06:15:00+00:00,2026-09-12 08:45:00+00:00,1,2510.062793,2530.4709239121,0.006894397728985913,2.4526332188030815,target
2026-09-12 08:45:00+00:00,2026-09-12 08:45:00+00:00,2026-09-12 16:45:00+00:00,1,2532.2694530000003,2528.8711110000004,-0.0026412091634941642,-0.9254963030950193,time
2026-09-12 16:45:00+00:00,2026-09-12 16:45:00+00:00,2026-09-12 18:45:00+00:00,1,2530.388889,2520.296739749967,-0.005210985713235113,-1.4123881477648494,stop
2026-09-12 18:45:00+00:00,2026-09-12 18:45:00+00:00,2026-09-12 19:45:00+00:00,1,2523.7468969999995,2513.0252631809,-0.005458250971123719,-1.3820159469697326,stop
2026-09-12 19:45:00+00:00,2026-09-12 19:45:00+00:00,2026-09-13 03:45:00+00:00,1,2514.9142479999996,2520.1037420000002,0.0007622493620707542,0.20874683642838418,time
2026-09-13 03:45:00+00:00,2026-09-13 03:45:00+00:00,2026-09-13 07:00:00+00:00,1,2521.616258,2515.6221782059333,-0.0036162772536627186,-1.7405179289844799,stop
2026-09-13 07:00:00+00:00,2026-09-13 07:00:00+00:00,2026-09-13 08:45:00+00:00,1,2512.523531,2506.0206658573666,-0.0038085028836246553,-1.663924610286335,stop
2026-09-13 08:45:00+00:00,2026-09-13 08:45:00+00:00,2026-09-13 09:30:00+00:00,1,2492.767606,2483.6206295515335,-0.004876579371797062,-1.446877098127795,stop
2026-09-13 09:30:00+00:00,2026-09-13 09:30:00+00:00,2026-09-13 09:45:00+00:00,1,2481.154123,2469.9854050131003,-0.005701844629158401,-1.3567159252305838,stop
2026-09-13 09:45:00+00:00,2026-09-13 09:45:00+00:00,2026-09-13 11:00:00+00:00,1,2480.433907,2468.159903494567,-0.006160985192308389,-1.3250216680514555,stop
2026-09-13 11:00:00+00:00,2026-09-13 11:00:00+00:00,2026-09-13 19:00:00+00:00,1,2472.2514530000003,2507.497525,0.012948115544256456,2.408955033329995,time
2026-09-13 19:00:00+00:00,2026-09-13 19:00:00+00:00,2026-09-13 23:30:00+00:00,-1,2507.497525,2469.5781762575,0.013875210738628447,2.699849191875146,target
2026-09-13 23:30:00+00:00,2026-09-13 23:30:00+00:00,2026-09-13 23:45:00+00:00,1,2474.3220739999997,2474.107545,-0.0012897751110961906,-0.2686483923856426,time
